iso_code,continent,location,date,total_cases,new_cases,new_cases_smoothed,total_deaths,new_deaths,new_deaths_smoothed,total_cases_per_million,new_cases_per_million,new_cases_smoothed_per_million,total_deaths_per_million,new_deaths_per_million,new_deaths_smoothed_per_million,icu_patients,icu_patients_per_million,hosp_patients,hosp_patients_per_million,weekly_icu_admissions,weekly_icu_admissions_per_million,weekly_hosp_admissions,weekly_hosp_admissions_per_million,total_tests,new_tests,total_tests_per_thousand,new_tests_per_thousand,new_tests_smoothed,new_tests_smoothed_per_thousand,tests_per_case,positive_rate,tests_units,stringency_index,population,population_density,median_age,aged_65_older,aged_70_older,gdp_per_capita,extreme_poverty,cardiovasc_death_rate,diabetes_prevalence,female_smokers,male_smokers,handwashing_facilities,hospital_beds_per_thousand,life_expectancy,human_development_index
OWID_WRL,,World,2019-12-31,27.0,27.0,,,0.0,,0.003,0.003,,,0.0,,,,,,,,,,,,,,,,,,,,7794798729.0,58.045,30.9,8.696,5.355,15469.207,10.0,233.07,8.51,6.434,34.635,60.13,2.705,72.58,
OWID_WRL,,World,2020-01-01,27.0,0.0,,,0.0,,0.003,0.0,,,0.0,,,,,,,,,,,,,,,,,,,,7794798729.0,58.045,30.9,8.696,5.355,15469.207,10.0,233.07,8.51,6.434,34.635,60.13,2.705,72.58,
OWID_WRL,,World,2020-01-02,27.0,0.0,,,0.0,,0.003,0.0,,,0.0,,,,,,,,,,,,,,,,,,,,7794798729.0,58.045,30.9,8.696,5.355,15469.207,10.0,233.07,8.51,6.434,34.635,60.13,2.705,72.58,
OWID_WRL,,World,2020-01-03,44.0,17.0,,,0.0,,0.006,0.002,,,0.0,,,,,,,,,,,,,,,,,,,,7794798729.0,58.045,30.9,8.696,5.355,15469.207,10.0,233.07,8.51,6.434,34.635,60.13,2.705,72.58,
OWID_WRL,,World,2020-01-04,44.0,0.0,,,0.0,,0.006,0.0,,,0.0,,,,,,,,,,,,,,,,,,,,7794798729.0,58.045,30.9,8.696,5.355,15469.207,10.0,233.07,8.51,6.434,34.635,60.13,2.705,72.58,
OWID_WRL,,World,2020-01-05,59.0,15.0,,,0.0,,0.008,0.002,,,0.0,,,,,,,,,,,,,,,,,,,,7794798729.0,58.045,30.9,8.696,5.355,15469.207,10.0,233.07,8.51,6.434,34.635,60.13,2.705,72.58,
OWID_WRL,,World,2020-01-06,59.0,0.0,8.429,,0.0,0.0,0.008,0.0,0.001,,0.0,0.0,,,,,,,,,,,,,,,,,,,7794798729.0,58.045,30.9,8.696,5.355,15469.207,10.0,233.07,8.51,6.434,34.635,60.13,2.705,72.58,
OWID_WRL,,World,2020-01-07,59.0,0.0,4.571000000000001,,0.0,0.0,0.008,0.0,0.001,,0.0,0.0,,,,,,,,,,,,,,,,,,,7794798729.0,58.045,30.9,8.696,5.355,15469.207,10.0,233.07,8.51,6.434,34.635,60.13,2.705,72.58,
OWID_WRL,,World,2020-01-08,59.0,0.0,4.571000000000001,,0.0,0.0,0.008,0.0,0.001,,0.0,0.0,,,,,,,,,,,,,,,,,,,7794798729.0,58.045,30.9,8.696,5.355,15469.207,10.0,233.07,8.51,6.434,34.635,60.13,2.705,72.58,
OWID_WRL,,World,2020-01-09,59.0,0.0,4.571000000000001,,0.0,0.0,0.008,0.0,0.001,,0.0,0.0,,,,,,,,,,,,,,,,,,,7794798729.0,58.045,30.9,8.696,5.355,15469.207,10.0,233.07,8.51,6.434,34.635,60.13,2.705,72.58,
OWID_WRL,,World,2020-01-10,59.0,0.0,2.1430000000000002,,0.0,0.0,0.008,0.0,0.0,,0.0,0.0,,,,,,,,,,,,,,,,,,,7794798729.0,58.045,30.9,8.696,5.355,15469.207,10.0,233.07,8.51,6.434,34.635,60.13,2.705,72.58,
OWID_WRL,,World,2020-01-11,59.0,0.0,2.1430000000000002,1.0,1.0,0.14300000000000002,0.008,0.0,0.0,0.0,0.0,0.0,,,,,,,,,,,,,,,,,,,7794798729.0,58.045,30.9,8.696,5.355,15469.207,10.0,233.07,8.51,6.434,34.635,60.13,2.705,72.58,
OWID_WRL,,World,2020-01-12,59.0,0.0,0.0,1.0,0.0,0.14300000000000002,0.008,0.0,0.0,0.0,0.0,0.0,,,,,,,,,,,,,,,,,,,7794798729.0,58.045,30.9,8.696,5.355,15469.207,10.0,233.07,8.51,6.434,34.635,60.13,2.705,72.58,
OWID_WRL,,World,2020-01-13,60.0,1.0,0.14300000000000002,1.0,0.0,0.14300000000000002,0.008,0.0,0.0,0.0,0.0,0.0,,,,,,,,,,,,,,,,,,,7794798729.0,58.045,30.9,8.696,5.355,15469.207,10.0,233.07,8.51,6.434,34.635,60.13,2.705,72.58,
OWID_WRL,,World,2020-01-14,61.0,1.0,0.28600000000000003,1.0,0.0,0.14300000000000002,0.008,0.0,0.0,0.0,0.0,0.0,,,,,,,,,,,,,,,,,,,7794798729.0,58.045,30.9,8.696,5.355,15469.207,10.0,233.07,8.51,6.434,34.635,60.13,2.705,72.58,
OWID_WRL,,World,2020-01-15,62.0,1.0,0.429,2.0,1.0,0.28600000000000003,0.008,0.0,0.0,0.0,0.0,0.0,,,,,,,,,,,,,,,,,,,7794798729.0,58.045,30.9,8.696,5.355,15469.207,10.0,233.07,8.51,6.434,34.635,60.13,2.705,72.58,
OWID_WRL,,World,2020-01-16,62.0,0.0,0.429,2.0,0.0,0.28600000000000003,0.008,0.0,0.0,0.0,0.0,0.0,,,,,,,,,,,,,,,,,,,7794798729.0,58.045,30.9,8.696,5.355,15469.207,10.0,233.07,8.51,6.434,34.635,60.13,2.705,72.58,
OWID_WRL,,World,2020-01-17,67.0,5.0,1.143,2.0,0.0,0.28600000000000003,0.009000000000000001,0.001,0.0,0.0,0.0,0.0,,,,,,,,,,,,,,,,,,,7794798729.0,58.045,30.9,8.696,5.355,15469.207,10.0,233.07,8.51,6.434,34.635,60.13,2.705,72.58,
OWID_WRL,,World,2020-01-18,84.0,17.0,3.571,2.0,0.0,0.14300000000000002,0.011000000000000001,0.002,0.0,0.0,0.0,0.0,,,,,,,,,,,,,,,,,,,7794798729.0,58.045,30.9,8.696,5.355,15469.207,10.0,233.07,8.51,6.434,34.635,60.13,2.705,72.58,
OWID_WRL,,World,2020-01-19,220.0,136.0,23.0,3.0,1.0,0.28600000000000003,0.027999999999999997,0.017,0.003,0.0,0.0,0.0,,,,,,,,,,,,,,,,,,,7794798729.0,58.045,30.9,8.696,5.355,15469.207,10.0,233.07,8.51,6.434,34.635,60.13,2.705,72.58,
OWID_WRL,,World,2020-01-20,240.0,20.0,25.714000000000002,3.0,0.0,0.28600000000000003,0.031,0.003,0.003,0.0,0.0,0.0,,,,,,,,,,,,,,,,,,,7794798729.0,58.045,30.9,8.696,5.355,15469.207,10.0,233.07,8.51,6.434,34.635,60.13,2.705,72.58,
OWID_WRL,,World,2020-01-21,393.0,153.0,47.428999999999995,6.0,3.0,0.7140000000000001,0.05,0.02,0.006,0.001,0.0,0.0,,,,,,,,,,,,,,,,,,,7794798729.0,58.045,30.9,8.696,5.355,15469.207,10.0,233.07,8.51,6.434,34.635,60.13,2.705,72.58,
OWID_WRL,,World,2020-01-22,535.0,142.0,67.571,17.0,11.0,2.1430000000000002,0.069,0.018000000000000002,0.009000000000000001,0.002,0.001,0.0,,,,,,,,,,,,,,,,,,,7794798729.0,58.045,30.9,8.696,5.355,15469.207,10.0,233.07,8.51,6.434,34.635,60.13,2.705,72.58,
OWID_WRL,,World,2020-01-23,632.0,97.0,81.429,17.0,0.0,2.1430000000000002,0.081,0.012,0.01,0.002,0.0,0.0,,,,,,,,,,,,,,,,,,,7794798729.0,58.045,30.9,8.696,5.355,15469.207,10.0,233.07,8.51,6.434,34.635,60.13,2.705,72.58,
OWID_WRL,,World,2020-01-24,898.0,266.0,118.714,26.0,9.0,3.429,0.115,0.034,0.015,0.003,0.001,0.0,,,,,,,,,,,,,,,,,,,7794798729.0,58.045,30.9,8.696,5.355,15469.207,10.0,233.07,8.51,6.434,34.635,60.13,2.705,72.58,
OWID_WRL,,World,2020-01-25,1351.0,453.0,181.0,41.0,15.0,5.571000000000001,0.17300000000000001,0.057999999999999996,0.023,0.005,0.002,0.001,,,,,,,,,,,,,,,,,,,7794798729.0,58.045,30.9,8.696,5.355,15469.207,10.0,233.07,8.51,6.434,34.635,60.13,2.705,72.58,
OWID_WRL,,World,2020-01-26,2024.0,673.0,257.714,56.0,15.0,7.571000000000001,0.26,0.086,0.033,0.006999999999999999,0.002,0.001,,,,,,,,,,,,,,,,,,,7794798729.0,58.045,30.9,8.696,5.355,15469.207,10.0,233.07,8.51,6.434,34.635,60.13,2.705,72.58,
OWID_WRL,,World,2020-01-27,2821.0,797.0,368.714,81.0,25.0,11.142999999999999,0.36200000000000004,0.102,0.047,0.01,0.003,0.001,,,,,,,,,,,,,,,,,,,7794798729.0,58.045,30.9,8.696,5.355,15469.207,10.0,233.07,8.51,6.434,34.635,60.13,2.705,72.58,
OWID_WRL,,World,2020-01-28,4588.0,1767.0,599.286,106.0,25.0,14.286,0.589,0.22699999999999998,0.077,0.013999999999999999,0.003,0.002,,,,,,,,,,,,,,,,,,,7794798729.0,58.045,30.9,8.696,5.355,15469.207,10.0,233.07,8.51,6.434,34.635,60.13,2.705,72.58,
OWID_WRL,,World,2020-01-29,6068.0,1480.0,790.429,132.0,26.0,16.429000000000002,0.778,0.19,0.10099999999999999,0.017,0.003,0.002,,,,,,,,,,,,,,,,,,,7794798729.0,58.045,30.9,8.696,5.355,15469.207,10.0,233.07,8.51,6.434,34.635,60.13,2.705,72.58,
OWID_WRL,,World,2020-01-30,7825.0,1757.0,1027.5710000000001,170.0,38.0,21.857,1.004,0.225,0.132,0.022000000000000002,0.005,0.003,,,,,,,,,,,,,,,,,,,7794798729.0,58.045,30.9,8.696,5.355,15469.207,10.0,233.07,8.51,6.434,34.635,60.13,2.705,72.58,
OWID_WRL,,World,2020-01-31,9826.0,2001.0,1275.4289999999999,213.0,43.0,26.714000000000002,1.261,0.257,0.16399999999999998,0.027000000000000003,0.006,0.003,,,,,,,,,,,,,,,,,,,7794798729.0,58.045,30.9,8.696,5.355,15469.207,10.0,233.07,8.51,6.434,34.635,60.13,2.705,72.58,
OWID_WRL,,World,2020-02-01,11948.0,2122.0,1513.8570000000002,259.0,46.0,31.143,1.5330000000000001,0.272,0.19399999999999998,0.033,0.006,0.004,,,,,,,,,,,,,,,,,,,7794798729.0,58.045,30.9,8.696,5.355,15469.207,10.0,233.07,8.51,6.434,34.635,60.13,2.705,72.58,
OWID_WRL,,World,2020-02-02,14556.0,2608.0,1790.286,305.0,46.0,35.571,1.867,0.335,0.23,0.039,0.006,0.005,,,,,,,,,,,,,,,,,,,7794798729.0,58.045,30.9,8.696,5.355,15469.207,10.0,233.07,8.51,6.434,34.635,60.13,2.705,72.58,
OWID_WRL,,World,2020-02-03,17374.0,2818.0,2079.0,362.0,57.0,40.143,2.229,0.36200000000000004,0.267,0.046,0.006999999999999999,0.005,,,,,,,,,,,,,,,,,,,7794798729.0,58.045,30.9,8.696,5.355,15469.207,10.0,233.07,8.51,6.434,34.635,60.13,2.705,72.58,
OWID_WRL,,World,2020-02-04,20617.0,3243.0,2289.857,427.0,65.0,45.857,2.645,0.41600000000000004,0.294,0.055,0.008,0.006,,,,,,,,,,,,,,,,,,,7794798729.0,58.045,30.9,8.696,5.355,15469.207,10.0,233.07,8.51,6.434,34.635,60.13,2.705,72.58,
OWID_WRL,,World,2020-02-05,24525.0,3908.0,2636.7140000000004,493.0,66.0,51.571000000000005,3.1460000000000004,0.501,0.33799999999999997,0.063,0.008,0.006999999999999999,,,,,,,,,,,,,,,,,,,7794798729.0,58.045,30.9,8.696,5.355,15469.207,10.0,233.07,8.51,6.434,34.635,60.13,2.705,72.58,
OWID_WRL,,World,2020-02-06,28276.0,3751.0,2921.571,565.0,72.0,56.428999999999995,3.628,0.48100000000000004,0.375,0.07200000000000001,0.009000000000000001,0.006999999999999999,,,,,,,,,,,,,,,,,,,7794798729.0,58.045,30.9,8.696,5.355,15469.207,10.0,233.07,8.51,6.434,34.635,60.13,2.705,72.58,
OWID_WRL,,World,2020-02-07,31494.0,3218.0,3095.429,638.0,73.0,60.714,4.04,0.413,0.397,0.08199999999999999,0.009000000000000001,0.008,,,,,,,,,,,,,,,,,,,7794798729.0,58.045,30.9,8.696,5.355,15469.207,10.0,233.07,8.51,6.434,34.635,60.13,2.705,72.58,
OWID_WRL,,World,2020-02-08,34936.0,3442.0,3284.0,724.0,86.0,66.429,4.482,0.442,0.42100000000000004,0.09300000000000001,0.011000000000000001,0.009000000000000001,,,,,,,,,,,,,,,,,,,7794798729.0,58.045,30.9,8.696,5.355,15469.207,10.0,233.07,8.51,6.434,34.635,60.13,2.705,72.58,
OWID_WRL,,World,2020-02-09,37554.0,2618.0,3285.429,813.0,89.0,72.571,4.8180000000000005,0.336,0.42100000000000004,0.10400000000000001,0.011000000000000001,0.009000000000000001,,,,,,,,,,,,,,,,,,,7794798729.0,58.045,30.9,8.696,5.355,15469.207,10.0,233.07,8.51,6.434,34.635,60.13,2.705,72.58,
OWID_WRL,,World,2020-02-10,40546.0,2992.0,3310.2859999999996,910.0,97.0,78.286,5.202000000000001,0.384,0.425,0.11699999999999999,0.012,0.01,,,,,,,,,,,,,,,,,,,7794798729.0,58.045,30.9,8.696,5.355,15469.207,10.0,233.07,8.51,6.434,34.635,60.13,2.705,72.58,
OWID_WRL,,World,2020-02-11,43109.0,2563.0,3213.143,1018.0,108.0,84.429,5.53,0.32899999999999996,0.41200000000000003,0.131,0.013999999999999999,0.011000000000000001,,,,,,,,,,,,,,,,,,,7794798729.0,58.045,30.9,8.696,5.355,15469.207,10.0,233.07,8.51,6.434,34.635,60.13,2.705,72.58,
OWID_WRL,,World,2020-02-12,45181.0,2072.0,2950.857,1115.0,97.0,88.85700000000001,5.796,0.266,0.379,0.14300000000000002,0.012,0.011000000000000001,,,,,,,,,,,,,,,,,,,7794798729.0,58.045,30.9,8.696,5.355,15469.207,10.0,233.07,8.51,6.434,34.635,60.13,2.705,72.58,
OWID_WRL,,World,2020-02-13,60332.0,15151.0,4579.429,1370.0,255.0,115.0,7.74,1.944,0.5870000000000001,0.17600000000000002,0.033,0.015,,,,,,,,,,,,,,,,,,,7794798729.0,58.045,30.9,8.696,5.355,15469.207,10.0,233.07,8.51,6.434,34.635,60.13,2.705,72.58,
OWID_WRL,,World,2020-02-14,64547.0,4215.0,4721.857,1383.0,13.0,106.429,8.281,0.541,0.606,0.177,0.002,0.013999999999999999,,,,,,,,,,,,,,,,,,,7794798729.0,58.045,30.9,8.696,5.355,15469.207,10.0,233.07,8.51,6.434,34.635,60.13,2.705,72.58,
OWID_WRL,,World,2020-02-15,67107.0,2560.0,4595.857,1527.0,144.0,114.714,8.609,0.32799999999999996,0.59,0.196,0.018000000000000002,0.015,,,,,,,,,,,,,,,,,,,7794798729.0,58.045,30.9,8.696,5.355,15469.207,10.0,233.07,8.51,6.434,34.635,60.13,2.705,72.58,
OWID_WRL,,World,2020-02-16,69269.0,2162.0,4530.714,1669.0,142.0,122.286,8.887,0.27699999999999997,0.581,0.214,0.018000000000000002,0.016,,,,,,,,,,,,,,,,,,,7794798729.0,58.045,30.9,8.696,5.355,15469.207,10.0,233.07,8.51,6.434,34.635,60.13,2.705,72.58,
OWID_WRL,,World,2020-02-17,71336.0,2067.0,4398.571,1775.0,106.0,123.571,9.152000000000001,0.265,0.564,0.228,0.013999999999999999,0.016,,,,,,,,,,,,,,,,,,,7794798729.0,58.045,30.9,8.696,5.355,15469.207,10.0,233.07,8.51,6.434,34.635,60.13,2.705,72.58,
OWID_WRL,,World,2020-02-18,73331.0,1995.0,4317.429,1873.0,98.0,122.14299999999999,9.408,0.256,0.5539999999999999,0.24,0.013000000000000001,0.016,,,,,,,,,,,,,,,,,,,7794798729.0,58.045,30.9,8.696,5.355,15469.207,10.0,233.07,8.51,6.434,34.635,60.13,2.705,72.58,
OWID_WRL,,World,2020-02-19,75195.0,1864.0,4287.714,2012.0,139.0,128.143,9.647,0.239,0.55,0.258,0.018000000000000002,0.016,,,,,,,,,,,,,,,,,,,7794798729.0,58.045,30.9,8.696,5.355,15469.207,10.0,233.07,8.51,6.434,34.635,60.13,2.705,72.58,
OWID_WRL,,World,2020-02-20,75727.0,532.0,2199.286,2128.0,116.0,108.286,9.715,0.068,0.282,0.273,0.015,0.013999999999999999,,,,,,,,,,,,,,,,,,,7794798729.0,58.045,30.9,8.696,5.355,15469.207,10.0,233.07,8.51,6.434,34.635,60.13,2.705,72.58,
OWID_WRL,,World,2020-02-21,76723.0,996.0,1739.4289999999999,2247.0,119.0,123.429,9.843,0.128,0.223,0.28800000000000003,0.015,0.016,,,,,,,,,,,,,,,,,,,7794798729.0,58.045,30.9,8.696,5.355,15469.207,10.0,233.07,8.51,6.434,34.635,60.13,2.705,72.58,
OWID_WRL,,World,2020-02-22,77808.0,1085.0,1528.714,2359.0,112.0,118.85700000000001,9.982000000000001,0.139,0.196,0.303,0.013999999999999999,0.015,,,,,,,,,,,,,,,,,,,7794798729.0,58.045,30.9,8.696,5.355,15469.207,10.0,233.07,8.51,6.434,34.635,60.13,2.705,72.58,
OWID_WRL,,World,2020-02-23,78818.0,1010.0,1364.1429999999998,2463.0,104.0,113.429,10.112,0.13,0.175,0.316,0.013000000000000001,0.015,,,,,,,,,,,,,,,,,,,7794798729.0,58.045,30.9,8.696,5.355,15469.207,10.0,233.07,8.51,6.434,34.635,60.13,2.705,72.58,
OWID_WRL,,World,2020-02-24,79341.0,523.0,1143.5710000000001,2619.0,156.0,120.571,10.179,0.067,0.147,0.336,0.02,0.015,,,,,,,,,,,,,,,,,,,7794798729.0,58.045,30.9,8.696,5.355,15469.207,10.0,233.07,8.51,6.434,34.635,60.13,2.705,72.58,
OWID_WRL,,World,2020-02-25,80136.0,795.0,972.143,2698.0,79.0,117.85700000000001,10.280999999999999,0.102,0.125,0.34600000000000003,0.01,0.015,,,,,,,,,,,,,,,,,,,7794798729.0,58.045,30.9,8.696,5.355,15469.207,10.0,233.07,8.51,6.434,34.635,60.13,2.705,72.58,
OWID_WRL,,World,2020-02-26,81003.0,867.0,829.7139999999999,2762.0,64.0,107.14299999999999,10.392000000000001,0.111,0.106,0.354,0.008,0.013999999999999999,,,,,,,,,,,,,,,,,,,7794798729.0,58.045,30.9,8.696,5.355,15469.207,10.0,233.07,8.51,6.434,34.635,60.13,2.705,72.58,
OWID_WRL,,World,2020-02-27,82117.0,1114.0,912.857,2800.0,38.0,96.0,10.535,0.14300000000000002,0.11699999999999999,0.359,0.005,0.012,,,,,,,,,,,,,,,,,,,7794798729.0,58.045,30.9,8.696,5.355,15469.207,10.0,233.07,8.51,6.434,34.635,60.13,2.705,72.58,
OWID_WRL,,World,2020-02-28,83388.0,1271.0,952.143,2857.0,57.0,87.14299999999999,10.698,0.163,0.122,0.36700000000000005,0.006999999999999999,0.011000000000000001,,,,,,,,,,,,,,,,,,,7794798729.0,58.045,30.9,8.696,5.355,15469.207,10.0,233.07,8.51,6.434,34.635,60.13,2.705,72.58,
OWID_WRL,,World,2020-02-29,85248.0,1860.0,1062.857,2921.0,64.0,80.286,10.937000000000001,0.239,0.136,0.375,0.008,0.01,,,,,,,,,,,,,,,,,,,7794798729.0,58.045,30.9,8.696,5.355,15469.207,10.0,233.07,8.51,6.434,34.635,60.13,2.705,72.58,
OWID_WRL,,World,2020-03-01,87091.0,1843.0,1181.857,2979.0,58.0,73.714,11.173,0.23600000000000002,0.152,0.382,0.006999999999999999,0.009000000000000001,,,,,,,,,,,,,,,,,,,7794798729.0,58.045,30.9,8.696,5.355,15469.207,10.0,233.07,8.51,6.434,34.635,60.13,2.705,72.58,
OWID_WRL,,World,2020-03-02,89159.0,2068.0,1402.5710000000001,3046.0,67.0,61.0,11.437999999999999,0.265,0.18,0.391,0.009000000000000001,0.008,,,,,,,,,,,,,,,,,,,7794798729.0,58.045,30.9,8.696,5.355,15469.207,10.0,233.07,8.51,6.434,34.635,60.13,2.705,72.58,
OWID_WRL,,World,2020-03-03,91017.0,1858.0,1554.4289999999999,3118.0,72.0,60.0,11.677,0.23800000000000002,0.19899999999999998,0.4,0.009000000000000001,0.008,,,,,,,,,,,,,,,,,,,7794798729.0,58.045,30.9,8.696,5.355,15469.207,10.0,233.07,8.51,6.434,34.635,60.13,2.705,72.58,
OWID_WRL,,World,2020-03-04,93332.0,2315.0,1761.286,3202.0,84.0,62.857,11.974,0.297,0.226,0.41100000000000003,0.011000000000000001,0.008,,,,,,,,,,,,,,,,,,,7794798729.0,58.045,30.9,8.696,5.355,15469.207,10.0,233.07,8.51,6.434,34.635,60.13,2.705,72.58,
OWID_WRL,,World,2020-03-05,95689.0,2357.0,1938.8570000000002,3282.0,80.0,68.857,12.276,0.302,0.249,0.42100000000000004,0.01,0.009000000000000001,,,,,,,,,,,,,,,,,,,7794798729.0,58.045,30.9,8.696,5.355,15469.207,10.0,233.07,8.51,6.434,34.635,60.13,2.705,72.58,
OWID_WRL,,World,2020-03-06,98749.0,3060.0,2194.429,3384.0,102.0,75.286,12.669,0.39299999999999996,0.282,0.434,0.013000000000000001,0.01,,,,,,,,,,,,,,,,,,,7794798729.0,58.045,30.9,8.696,5.355,15469.207,10.0,233.07,8.51,6.434,34.635,60.13,2.705,72.58,
OWID_WRL,,World,2020-03-07,102869.0,4120.0,2517.286,3488.0,104.0,81.0,13.197000000000001,0.529,0.32299999999999995,0.447,0.013000000000000001,0.01,,,,,,,,,,,,,,,,,,,7794798729.0,58.045,30.9,8.696,5.355,15469.207,10.0,233.07,8.51,6.434,34.635,60.13,2.705,72.58,
OWID_WRL,,World,2020-03-08,106847.0,3978.0,2822.2859999999996,3585.0,97.0,86.571,13.707,0.51,0.36200000000000004,0.46,0.012,0.011000000000000001,,,,,,,,,,,,,,,,,,,7794798729.0,58.045,30.9,8.696,5.355,15469.207,10.0,233.07,8.51,6.434,34.635,60.13,2.705,72.58,
OWID_WRL,,World,2020-03-09,111026.0,4179.0,3123.857,3813.0,228.0,109.571,14.244000000000002,0.536,0.401,0.489,0.028999999999999998,0.013999999999999999,,,,,,,,,,,,,,,,,,,7794798729.0,58.045,30.9,8.696,5.355,15469.207,10.0,233.07,8.51,6.434,34.635,60.13,2.705,72.58,
OWID_WRL,,World,2020-03-10,115844.0,4818.0,3546.7140000000004,4022.0,209.0,129.143,14.862,0.618,0.455,0.516,0.027000000000000003,0.017,,,,,,,,,,,,,,,,,,,7794798729.0,58.045,30.9,8.696,5.355,15469.207,10.0,233.07,8.51,6.434,34.635,60.13,2.705,72.58,
OWID_WRL,,World,2020-03-11,120962.0,5118.0,3947.143,4294.0,272.0,156.0,15.517999999999999,0.657,0.506,0.551,0.035,0.02,,,,,,,,,,,,,,,,,,,7794798729.0,58.045,30.9,8.696,5.355,15469.207,10.0,233.07,8.51,6.434,34.635,60.13,2.705,72.58,
OWID_WRL,,World,2020-03-12,128884.0,7922.0,4742.143,4631.0,337.0,192.71400000000003,16.535,1.016,0.608,0.594,0.043,0.025,,,,,,,,,,,,,,,,,,,7794798729.0,58.045,30.9,8.696,5.355,15469.207,10.0,233.07,8.51,6.434,34.635,60.13,2.705,72.58,
OWID_WRL,,World,2020-03-13,138358.0,9474.0,5658.429,4981.0,350.0,228.143,17.75,1.215,0.726,0.639,0.045,0.028999999999999998,,,,,,,,,,,,,,,,,,,7794798729.0,58.045,30.9,8.696,5.355,15469.207,10.0,233.07,8.51,6.434,34.635,60.13,2.705,72.58,
OWID_WRL,,World,2020-03-14,148813.0,10455.0,6563.429,5424.0,443.0,276.57099999999997,19.090999999999998,1.341,0.8420000000000001,0.696,0.057,0.035,,,,,,,,,,,,,,,,,,,7794798729.0,58.045,30.9,8.696,5.355,15469.207,10.0,233.07,8.51,6.434,34.635,60.13,2.705,72.58,
OWID_WRL,,World,2020-03-15,161013.0,12200.0,7738.0,5791.0,367.0,315.143,20.656,1.565,0.993,0.743,0.047,0.04,,,,,,,,,,,,,,,,,,,7794798729.0,58.045,30.9,8.696,5.355,15469.207,10.0,233.07,8.51,6.434,34.635,60.13,2.705,72.58,
OWID_WRL,,World,2020-03-16,173492.0,12479.0,8923.714,6542.0,751.0,389.85699999999997,22.256999999999998,1.601,1.145,0.8390000000000001,0.096,0.05,,,,,,,,,,,,,,,,,,,7794798729.0,58.045,30.9,8.696,5.355,15469.207,10.0,233.07,8.51,6.434,34.635,60.13,2.705,72.58,
OWID_WRL,,World,2020-03-17,187733.0,14241.0,10269.857,7149.0,607.0,446.714,24.084,1.827,1.318,0.917,0.078,0.057,,,,,,,,,,,,,,,,,,,7794798729.0,58.045,30.9,8.696,5.355,15469.207,10.0,233.07,8.51,6.434,34.635,60.13,2.705,72.58,
OWID_WRL,,World,2020-03-18,204825.0,17092.0,11980.428999999998,7960.0,811.0,523.714,26.276999999999997,2.193,1.537,1.021,0.10400000000000001,0.067,,,,,,,,,,,,,,,,,,,7794798729.0,58.045,30.9,8.696,5.355,15469.207,10.0,233.07,8.51,6.434,34.635,60.13,2.705,72.58,
OWID_WRL,,World,2020-03-19,225119.0,20294.0,13747.857,8923.0,963.0,613.143,28.881,2.6039999999999996,1.764,1.145,0.124,0.079,,,,,,,,,,,,,,,,,,,7794798729.0,58.045,30.9,8.696,5.355,15469.207,10.0,233.07,8.51,6.434,34.635,60.13,2.705,72.58,
OWID_WRL,,World,2020-03-20,256315.0,31196.0,16851.0,9998.0,1075.0,716.7139999999999,32.883,4.002,2.162,1.2830000000000001,0.138,0.092,,,,,,,,,,,,,,,,,,,7794798729.0,58.045,30.9,8.696,5.355,15469.207,10.0,233.07,8.51,6.434,34.635,60.13,2.705,72.58,
OWID_WRL,,World,2020-03-21,288303.0,31988.0,19927.143,11385.0,1387.0,851.571,36.986999999999995,4.104,2.556,1.4609999999999999,0.17800000000000002,0.109,,,,,,,,,,,,,,,,,,,7794798729.0,58.045,30.9,8.696,5.355,15469.207,10.0,233.07,8.51,6.434,34.635,60.13,2.705,72.58,
OWID_WRL,,World,2020-03-22,322529.0,34226.0,23073.714,13101.0,1716.0,1044.286,41.376999999999995,4.391,2.96,1.681,0.22,0.134,,,,,,,,,,,,,,,,,,,7794798729.0,58.045,30.9,8.696,5.355,15469.207,10.0,233.07,8.51,6.434,34.635,60.13,2.705,72.58,
OWID_WRL,,World,2020-03-23,356799.0,34270.0,26186.714,14792.0,1691.0,1178.5710000000001,45.773999999999994,4.397,3.36,1.8980000000000001,0.217,0.151,,,,,,,,,,,,,,,,,,,7794798729.0,58.045,30.9,8.696,5.355,15469.207,10.0,233.07,8.51,6.434,34.635,60.13,2.705,72.58,
OWID_WRL,,World,2020-03-24,401369.0,44570.0,30519.429,16646.0,1854.0,1356.714,51.492,5.718,3.915,2.136,0.23800000000000002,0.174,,,,,,,,,,,,,,,,,,,7794798729.0,58.045,30.9,8.696,5.355,15469.207,10.0,233.07,8.51,6.434,34.635,60.13,2.705,72.58,
OWID_WRL,,World,2020-03-25,443905.0,42536.0,34154.286,18962.0,2316.0,1571.714,56.949,5.457000000000001,4.382,2.4330000000000003,0.297,0.20199999999999999,,,,,,,,,,,,,,,,,,,7794798729.0,58.045,30.9,8.696,5.355,15469.207,10.0,233.07,8.51,6.434,34.635,60.13,2.705,72.58,
OWID_WRL,,World,2020-03-26,497740.0,53835.0,38945.857,21607.0,2645.0,1812.0,63.855,6.907,4.996,2.772,0.33899999999999997,0.23199999999999998,,,,,,,,,,,,,,,,,,,7794798729.0,58.045,30.9,8.696,5.355,15469.207,10.0,233.07,8.51,6.434,34.635,60.13,2.705,72.58,
OWID_WRL,,World,2020-03-27,558849.0,61109.0,43219.143,24421.0,2814.0,2060.429,71.695,7.84,5.545,3.133,0.361,0.264,,,,,,,,,,,,,,,,,,,7794798729.0,58.045,30.9,8.696,5.355,15469.207,10.0,233.07,8.51,6.434,34.635,60.13,2.705,72.58,
OWID_WRL,,World,2020-03-28,624034.0,65185.0,47961.570999999996,27913.0,3492.0,2361.143,80.058,8.363,6.153,3.5810000000000004,0.44799999999999995,0.303,,,,,,,,,,,,,,,,,,,7794798729.0,58.045,30.9,8.696,5.355,15469.207,10.0,233.07,8.51,6.434,34.635,60.13,2.705,72.58,
OWID_WRL,,World,2020-03-29,686888.0,62854.0,52051.28599999999,31503.0,3590.0,2628.857,88.12100000000001,8.064,6.678,4.042,0.461,0.337,,,,,,,,,,,,,,,,,,,7794798729.0,58.045,30.9,8.696,5.355,15469.207,10.0,233.07,8.51,6.434,34.635,60.13,2.705,72.58,
OWID_WRL,,World,2020-03-30,744252.0,57364.0,55350.429000000004,34734.0,3231.0,2848.857,95.48100000000001,7.359,7.101,4.456,0.415,0.365,,,,,,,,,,,,,,,,,,,7794798729.0,58.045,30.9,8.696,5.355,15469.207,10.0,233.07,8.51,6.434,34.635,60.13,2.705,72.58,
OWID_WRL,,World,2020-03-31,808965.0,64713.0,58228.0,38727.0,3993.0,3154.429,103.78299999999999,8.302,7.47,4.968,0.512,0.405,,,,,,,,,,,,,,,,,,,7794798729.0,58.045,30.9,8.696,5.355,15469.207,10.0,233.07,8.51,6.434,34.635,60.13,2.705,72.58,
OWID_WRL,,World,2020-04-01,883804.0,74839.0,62842.71400000001,43404.0,4677.0,3491.7140000000004,113.384,9.601,8.062000000000001,5.568,0.6,0.44799999999999995,,,,,,,,,,,,,,,,,,,7794798729.0,58.045,30.9,8.696,5.355,15469.207,10.0,233.07,8.51,6.434,34.635,60.13,2.705,72.58,
OWID_WRL,,World,2020-04-02,961451.0,77647.0,66244.429,48420.0,5016.0,3830.429,123.345,9.961,8.499,6.212000000000001,0.644,0.491,,,,,,,,,,,,,,,,,,,7794798729.0,58.045,30.9,8.696,5.355,15469.207,10.0,233.07,8.51,6.434,34.635,60.13,2.705,72.58,
OWID_WRL,,World,2020-04-03,1039097.0,77646.0,68606.857,53446.0,5026.0,4146.429,133.306,9.961,8.802,6.857,0.645,0.532,,,,,,,,,,,,,,,,,,,7794798729.0,58.045,30.9,8.696,5.355,15469.207,10.0,233.07,8.51,6.434,34.635,60.13,2.705,72.58,
OWID_WRL,,World,2020-04-04,1121096.0,81999.0,71008.857,60232.0,6786.0,4617.0,143.826,10.52,9.11,7.727,0.871,0.5920000000000001,,,,,,,,,,,,,,,,,,,7794798729.0,58.045,30.9,8.696,5.355,15469.207,10.0,233.07,8.51,6.434,34.635,60.13,2.705,72.58,
OWID_WRL,,World,2020-04-05,1206366.0,85270.0,74211.143,66531.0,6299.0,5004.0,154.766,10.939,9.521,8.535,0.8079999999999999,0.642,,,,,,,,,,,,,,,,,,,7794798729.0,58.045,30.9,8.696,5.355,15469.207,10.0,233.07,8.51,6.434,34.635,60.13,2.705,72.58,
OWID_WRL,,World,2020-04-06,1272626.0,66260.0,75482.0,71303.0,4772.0,5224.143,163.266,8.501,9.684,9.148,0.612,0.67,,,,,,,,,,,,,,,,,,,7794798729.0,58.045,30.9,8.696,5.355,15469.207,10.0,233.07,8.51,6.434,34.635,60.13,2.705,72.58,
OWID_WRL,,World,2020-04-07,1345891.0,73265.0,76703.714,76648.0,5345.0,5417.286,172.665,9.399,9.84,9.833,0.6859999999999999,0.695,,,,,,,,,,,,,,,,,,,7794798729.0,58.045,30.9,8.696,5.355,15469.207,10.0,233.07,8.51,6.434,34.635,60.13,2.705,72.58,
OWID_WRL,,World,2020-04-08,1423285.0,77394.0,77068.714,84224.0,7576.0,5831.429,182.59400000000002,9.929,9.887,10.805,0.972,0.748,,,,,,,,,,,,,,,,,,,7794798729.0,58.045,30.9,8.696,5.355,15469.207,10.0,233.07,8.51,6.434,34.635,60.13,2.705,72.58,
OWID_WRL,,World,2020-04-09,1508343.0,85058.0,78127.429,90794.0,6570.0,6053.429,193.50599999999997,10.912,10.023,11.648,0.843,0.777,,,,,,,,,,,,,,,,,,,7794798729.0,58.045,30.9,8.696,5.355,15469.207,10.0,233.07,8.51,6.434,34.635,60.13,2.705,72.58,
OWID_WRL,,World,2020-04-10,1595776.0,87433.0,79525.571,98218.0,7424.0,6396.0,204.72299999999998,11.217,10.202,12.6,0.9520000000000001,0.821,,,,,,,,,,,,,,,,,,,7794798729.0,58.045,30.9,8.696,5.355,15469.207,10.0,233.07,8.51,6.434,34.635,60.13,2.705,72.58,
OWID_WRL,,World,2020-04-11,1685399.0,89623.0,80614.714,105234.0,7016.0,6428.857,216.22099999999998,11.498,10.342,13.501,0.9,0.825,,,,,,,,,,,,,,,,,,,7794798729.0,58.045,30.9,8.696,5.355,15469.207,10.0,233.07,8.51,6.434,34.635,60.13,2.705,72.58,
OWID_WRL,,World,2020-04-12,1760764.0,75365.0,79199.714,111298.0,6064.0,6395.286,225.89,9.669,10.161,14.277999999999999,0.778,0.82,,,,,,,,,,,,,,,,,,,7794798729.0,58.045,30.9,8.696,5.355,15469.207,10.0,233.07,8.51,6.434,34.635,60.13,2.705,72.58,
OWID_WRL,,World,2020-04-13,1829287.0,68523.0,79523.0,116633.0,5335.0,6475.714,234.68,8.791,10.202,14.963,0.684,0.831,,,,,,,,,,,,,,,,,,,7794798729.0,58.045,30.9,8.696,5.355,15469.207,10.0,233.07,8.51,6.434,34.635,60.13,2.705,72.58,
OWID_WRL,,World,2020-04-14,1894542.0,65255.0,78378.714,122023.0,5390.0,6482.143,243.05200000000002,8.372,10.055,15.654000000000002,0.691,0.8320000000000001,,,,,,,,,,,,,,,,,,,7794798729.0,58.045,30.9,8.696,5.355,15469.207,10.0,233.07,8.51,6.434,34.635,60.13,2.705,72.58,
OWID_WRL,,World,2020-04-15,1971519.0,76977.0,78319.143,129642.0,7619.0,6488.286,252.928,9.875,10.048,16.632,0.977,0.8320000000000001,,,,,,,,,,,,,,,,,,,7794798729.0,58.045,30.9,8.696,5.355,15469.207,10.0,233.07,8.51,6.434,34.635,60.13,2.705,72.58,
OWID_WRL,,World,2020-04-16,2050331.0,78812.0,77426.857,140133.0,10491.0,7048.429,263.038,10.111,9.933,17.977999999999998,1.3459999999999999,0.904,,,,,,,,,,,,,,,,,,,7794798729.0,58.045,30.9,8.696,5.355,15469.207,10.0,233.07,8.51,6.434,34.635,60.13,2.705,72.58,
OWID_WRL,,World,2020-04-17,2134762.0,84431.0,76998.0,148660.0,8527.0,7206.0,273.87,10.832,9.878,19.072,1.094,0.924,,,,,,,,,,,,,,,,,,,7794798729.0,58.045,30.9,8.696,5.355,15469.207,10.0,233.07,8.51,6.434,34.635,60.13,2.705,72.58,
OWID_WRL,,World,2020-04-18,2217039.0,82277.0,75948.571,157123.0,8463.0,7412.714,284.425,10.555,9.743,20.157,1.0859999999999999,0.951,,,,,,,,,,,,,,,,,,,7794798729.0,58.045,30.9,8.696,5.355,15469.207,10.0,233.07,8.51,6.434,34.635,60.13,2.705,72.58,
OWID_WRL,,World,2020-04-19,2296735.0,79696.0,76567.286,163496.0,6373.0,7456.857,294.65,10.224,9.823,20.975,0.818,0.9570000000000001,,,,,,,,,,,,,,,,,,,7794798729.0,58.045,30.9,8.696,5.355,15469.207,10.0,233.07,8.51,6.434,34.635,60.13,2.705,72.58,
OWID_WRL,,World,2020-04-20,2367238.0,70503.0,76850.143,168484.0,4988.0,7407.286,303.695,9.045,9.859,21.615,0.64,0.95,,,,,,,,,,,,,,,,,,,7794798729.0,58.045,30.9,8.696,5.355,15469.207,10.0,233.07,8.51,6.434,34.635,60.13,2.705,72.58,
OWID_WRL,,World,2020-04-21,2441894.0,74656.0,78193.143,173934.0,5450.0,7415.857,313.272,9.578,10.031,22.314,0.6990000000000001,0.951,,,,,,,,,,,,,,,,,,,7794798729.0,58.045,30.9,8.696,5.355,15469.207,10.0,233.07,8.51,6.434,34.635,60.13,2.705,72.58,
OWID_WRL,,World,2020-04-22,2529215.0,87321.0,79670.857,181177.0,7243.0,7362.143,324.475,11.202,10.221,23.243000000000002,0.929,0.9440000000000001,,,,,,,,,,,,,,,,,,,7794798729.0,58.045,30.9,8.696,5.355,15469.207,10.0,233.07,8.51,6.434,34.635,60.13,2.705,72.58,
OWID_WRL,,World,2020-04-23,2595819.0,66604.0,77926.857,187112.0,5935.0,6711.286,333.019,8.545,9.997,24.005,0.7609999999999999,0.861,,,,,,,,,,,,,,,,,,,7794798729.0,58.045,30.9,8.696,5.355,15469.207,10.0,233.07,8.51,6.434,34.635,60.13,2.705,72.58,
OWID_WRL,,World,2020-04-24,2674606.0,78787.0,77120.571,194447.0,7335.0,6541.0,343.12699999999995,10.107999999999999,9.894,24.945999999999998,0.941,0.8390000000000001,,,,,,,,,,,,,,,,,,,7794798729.0,58.045,30.9,8.696,5.355,15469.207,10.0,233.07,8.51,6.434,34.635,60.13,2.705,72.58,
OWID_WRL,,World,2020-04-25,2747756.0,73150.0,75816.714,199806.0,5359.0,6097.571,352.51099999999997,9.384,9.727,25.633000000000003,0.688,0.782,,,,,,,,,,,,,,,,,,,7794798729.0,58.045,30.9,8.696,5.355,15469.207,10.0,233.07,8.51,6.434,34.635,60.13,2.705,72.58,
OWID_WRL,,World,2020-04-26,2847603.0,99847.0,78695.429,205966.0,6160.0,6067.143,365.32099999999997,12.809000000000001,10.096,26.424,0.79,0.778,,,,,,,,,,,,,,,,,,,7794798729.0,58.045,30.9,8.696,5.355,15469.207,10.0,233.07,8.51,6.434,34.635,60.13,2.705,72.58,
OWID_WRL,,World,2020-04-27,2929437.0,81834.0,80314.143,209879.0,3913.0,5913.571,375.819,10.499,10.304,26.926,0.502,0.759,,,,,,,,,,,,,,,,,,,7794798729.0,58.045,30.9,8.696,5.355,15469.207,10.0,233.07,8.51,6.434,34.635,60.13,2.705,72.58,
OWID_WRL,,World,2020-04-28,2996210.0,66773.0,79188.0,214778.0,4899.0,5834.857,384.38599999999997,8.566,10.158999999999999,27.554000000000002,0.628,0.7490000000000001,,,,,,,,,,,,,,,,,,,7794798729.0,58.045,30.9,8.696,5.355,15469.207,10.0,233.07,8.51,6.434,34.635,60.13,2.705,72.58,
OWID_WRL,,World,2020-04-29,3069038.0,72828.0,77117.571,221344.0,6566.0,5738.143,393.72900000000004,9.343,9.892999999999999,28.396,0.8420000000000001,0.736,,,,,,,,,,,,,,,,,,,7794798729.0,58.045,30.9,8.696,5.355,15469.207,10.0,233.07,8.51,6.434,34.635,60.13,2.705,72.58,
OWID_WRL,,World,2020-04-30,3148548.0,79510.0,78961.286,227906.0,6562.0,5827.714,403.92900000000003,10.2,10.13,29.238000000000003,0.8420000000000001,0.748,,,,,,,,,,,,,,,,,,,7794798729.0,58.045,30.9,8.696,5.355,15469.207,10.0,233.07,8.51,6.434,34.635,60.13,2.705,72.58,
OWID_WRL,,World,2020-05-01,3234222.0,85674.0,79945.143,233556.0,5650.0,5587.0,414.921,10.991,10.255999999999998,29.963,0.725,0.7170000000000001,,,,,,,,,,,,,,,,,,,7794798729.0,58.045,30.9,8.696,5.355,15469.207,10.0,233.07,8.51,6.434,34.635,60.13,2.705,72.58,
OWID_WRL,,World,2020-05-02,3322753.0,88531.0,82142.429,239133.0,5577.0,5618.143,426.278,11.357999999999999,10.538,30.679000000000002,0.715,0.721,,,,,,,,,,,,,,,,,,,7794798729.0,58.045,30.9,8.696,5.355,15469.207,10.0,233.07,8.51,6.434,34.635,60.13,2.705,72.58,
OWID_WRL,,World,2020-05-03,3403384.0,80631.0,79397.286,243941.0,4808.0,5425.0,436.62199999999996,10.344000000000001,10.186,31.295,0.617,0.696,,,,,,,,,,,,,,,,,,,7794798729.0,58.045,30.9,8.696,5.355,15469.207,10.0,233.07,8.51,6.434,34.635,60.13,2.705,72.58,
OWID_WRL,,World,2020-05-04,3480407.0,77023.0,78710.0,247647.0,3706.0,5395.429,446.504,9.881,10.097999999999999,31.771,0.475,0.6920000000000001,,,,,,,,,,,,,,,,,,,7794798729.0,58.045,30.9,8.696,5.355,15469.207,10.0,233.07,8.51,6.434,34.635,60.13,2.705,72.58,
OWID_WRL,,World,2020-05-05,3558016.0,77609.0,80258.0,251633.0,3986.0,5265.0,456.46,9.957,10.296,32.282,0.511,0.675,,,,,,,,,,,,,,,,,,,7794798729.0,58.045,30.9,8.696,5.355,15469.207,10.0,233.07,8.51,6.434,34.635,60.13,2.705,72.58,
OWID_WRL,,World,2020-05-06,3637572.0,79556.0,81219.143,257590.0,5957.0,5178.0,466.667,10.206,10.42,33.046,0.764,0.664,,,,,,,,,,,,,,,,,,,7794798729.0,58.045,30.9,8.696,5.355,15469.207,10.0,233.07,8.51,6.434,34.635,60.13,2.705,72.58,
OWID_WRL,,World,2020-05-07,3725875.0,88303.0,82475.286,263714.0,6124.0,5115.429,477.995,11.328,10.581,33.832,0.7859999999999999,0.6559999999999999,,,,,,,,,,,,,,,,,,,7794798729.0,58.045,30.9,8.696,5.355,15469.207,10.0,233.07,8.51,6.434,34.635,60.13,2.705,72.58,
OWID_WRL,,World,2020-05-08,3818691.0,92816.0,83495.571,269356.0,5642.0,5114.286,489.902,11.907,10.712,34.556,0.7240000000000001,0.6559999999999999,,,,,,,,,,,,,,,,,,,7794798729.0,58.045,30.9,8.696,5.355,15469.207,10.0,233.07,8.51,6.434,34.635,60.13,2.705,72.58,
OWID_WRL,,World,2020-05-09,3908389.0,89698.0,83662.286,274468.0,5112.0,5047.857,501.41,11.507,10.732999999999999,35.211999999999996,0.6559999999999999,0.648,,,,,,,,,,,,,,,,,,,7794798729.0,58.045,30.9,8.696,5.355,15469.207,10.0,233.07,8.51,6.434,34.635,60.13,2.705,72.58,
OWID_WRL,,World,2020-05-10,3996807.0,88418.0,84774.714,278874.0,4406.0,4990.429,512.753,11.343,10.876,35.777,0.565,0.64,,,,,,,,,,,,,,,,,,,7794798729.0,58.045,30.9,8.696,5.355,15469.207,10.0,233.07,8.51,6.434,34.635,60.13,2.705,72.58,
OWID_WRL,,World,2020-05-11,4071341.0,74534.0,84419.14300000001,282300.0,3426.0,4950.429,522.315,9.562000000000001,10.83,36.216,0.44,0.635,,,,,,,,,,,,,,,,,,,7794798729.0,58.045,30.9,8.696,5.355,15469.207,10.0,233.07,8.51,6.434,34.635,60.13,2.705,72.58,
OWID_WRL,,World,2020-05-12,4142712.0,71371.0,83528.0,285890.0,3590.0,4893.857,531.471,9.156,10.716,36.677,0.461,0.628,,,,,,,,,,,,,,,,,,,7794798729.0,58.045,30.9,8.696,5.355,15469.207,10.0,233.07,8.51,6.434,34.635,60.13,2.705,72.58,
OWID_WRL,,World,2020-05-13,4229831.0,87119.0,84608.429,291647.0,5757.0,4865.286,542.648,11.177,10.854000000000001,37.416,0.7390000000000001,0.624,,,,,,,,,,,,,,,,,,,7794798729.0,58.045,30.9,8.696,5.355,15469.207,10.0,233.07,8.51,6.434,34.635,60.13,2.705,72.58,
OWID_WRL,,World,2020-05-14,4317321.0,87490.0,84492.286,296665.0,5018.0,4707.286,553.872,11.224,10.84,38.059,0.644,0.604,,,,,,,,,,,,,,,,,,,7794798729.0,58.045,30.9,8.696,5.355,15469.207,10.0,233.07,8.51,6.434,34.635,60.13,2.705,72.58,
OWID_WRL,,World,2020-05-15,4414505.0,97184.0,85116.286,301921.0,5256.0,4652.143,566.34,12.468,10.92,38.734,0.674,0.597,,,,,,,,,,,,,,,,,,,7794798729.0,58.045,30.9,8.696,5.355,15469.207,10.0,233.07,8.51,6.434,34.635,60.13,2.705,72.58,
OWID_WRL,,World,2020-05-16,4512736.0,98231.0,86335.286,306980.0,5059.0,4644.571,578.942,12.602,11.075999999999999,39.383,0.649,0.596,,,,,,,,,,,,,,,,,,,7794798729.0,58.045,30.9,8.696,5.355,15469.207,10.0,233.07,8.51,6.434,34.635,60.13,2.705,72.58,
OWID_WRL,,World,2020-05-17,4605710.0,92974.0,86986.14300000001,311204.0,4224.0,4618.571,590.87,11.927999999999999,11.16,39.925,0.542,0.593,,,,,,,,,,,,,,,,,,,7794798729.0,58.045,30.9,8.696,5.355,15469.207,10.0,233.07,8.51,6.434,34.635,60.13,2.705,72.58,
OWID_WRL,,World,2020-05-18,4684761.0,79051.0,87631.429,314102.0,2898.0,4543.143,601.011,10.142000000000001,11.242,40.296,0.37200000000000005,0.583,,,,,,,,,,,,,,,,,,,7794798729.0,58.045,30.9,8.696,5.355,15469.207,10.0,233.07,8.51,6.434,34.635,60.13,2.705,72.58,
OWID_WRL,,World,2020-05-19,4772712.0,87951.0,90000.0,317400.0,3298.0,4501.429,612.294,11.283,11.546,40.719,0.423,0.5770000000000001,,,,,,,,,,,,,,,,,,,7794798729.0,58.045,30.9,8.696,5.355,15469.207,10.0,233.07,8.51,6.434,34.635,60.13,2.705,72.58,
OWID_WRL,,World,2020-05-20,4869090.0,96378.0,91322.714,322584.0,5184.0,4419.571,624.659,12.364,11.716,41.385,0.665,0.5670000000000001,,,,,,,,,,,,,,,,,,,7794798729.0,58.045,30.9,8.696,5.355,15469.207,10.0,233.07,8.51,6.434,34.635,60.13,2.705,72.58,
OWID_WRL,,World,2020-05-21,4974063.0,104973.0,93820.286,327302.0,4718.0,4376.714,638.126,13.467,12.036,41.99,0.605,0.561,,,,,,,,,,,,,,,,,,,7794798729.0,58.045,30.9,8.696,5.355,15469.207,10.0,233.07,8.51,6.434,34.635,60.13,2.705,72.58,
OWID_WRL,,World,2020-05-22,5082848.0,108785.0,95477.571,332692.0,5390.0,4395.857,652.082,13.956,12.249,42.681000000000004,0.691,0.564,,,,,,,,,,,,,,,,,,,7794798729.0,58.045,30.9,8.696,5.355,15469.207,10.0,233.07,8.51,6.434,34.635,60.13,2.705,72.58,
OWID_WRL,,World,2020-05-23,5189651.0,106803.0,96702.14300000001,337338.0,4646.0,4336.857,665.784,13.702,12.405999999999999,43.277,0.596,0.556,,,,,,,,,,,,,,,,,,,7794798729.0,58.045,30.9,8.696,5.355,15469.207,10.0,233.07,8.51,6.434,34.635,60.13,2.705,72.58,
OWID_WRL,,World,2020-05-24,5288605.0,98954.0,97556.429,341254.0,3916.0,4292.857,678.4789999999999,12.695,12.515999999999998,43.78,0.502,0.551,,,,,,,,,,,,,,,,,,,7794798729.0,58.045,30.9,8.696,5.355,15469.207,10.0,233.07,8.51,6.434,34.635,60.13,2.705,72.58,
OWID_WRL,,World,2020-05-25,5380857.0,92252.0,99442.286,342360.0,1106.0,4036.857,690.314,11.835,12.758,43.922,0.142,0.518,,,,,,,,,,,,,,,,,,,7794798729.0,58.045,30.9,8.696,5.355,15469.207,10.0,233.07,8.51,6.434,34.635,60.13,2.705,72.58,
OWID_WRL,,World,2020-05-26,5471808.0,90951.0,99870.85699999999,345728.0,3368.0,4046.857,701.982,11.668,12.812000000000001,44.354,0.43200000000000005,0.519,,,,,,,,,,,,,,,,,,,7794798729.0,58.045,30.9,8.696,5.355,15469.207,10.0,233.07,8.51,6.434,34.635,60.13,2.705,72.58,
OWID_WRL,,World,2020-05-27,5566448.0,94640.0,99622.571,349599.0,3871.0,3859.2859999999996,714.123,12.140999999999998,12.780999999999999,44.85,0.49700000000000005,0.495,,,,,,,,,,,,,,,,,,,7794798729.0,58.045,30.9,8.696,5.355,15469.207,10.0,233.07,8.51,6.434,34.635,60.13,2.705,72.58,
OWID_WRL,,World,2020-05-28,5670261.0,103813.0,99456.85699999999,354741.0,5142.0,3919.857,727.442,13.318,12.759,45.51,0.66,0.503,,,,,,,,,,,,,,,,,,,7794798729.0,58.045,30.9,8.696,5.355,15469.207,10.0,233.07,8.51,6.434,34.635,60.13,2.705,72.58,
OWID_WRL,,World,2020-05-29,5789593.0,119332.0,100963.571,359383.0,4642.0,3813.0,742.7510000000001,15.309000000000001,12.953,46.105,0.596,0.489,,,,,,,,,,,,,,,,,,,7794798729.0,58.045,30.9,8.696,5.355,15469.207,10.0,233.07,8.51,6.434,34.635,60.13,2.705,72.58,
OWID_WRL,,World,2020-05-30,5912779.0,123186.0,103304.0,364037.0,4654.0,3814.143,758.554,15.804,13.253,46.703,0.597,0.489,,,,,,,,,,,,,,,,,,,7794798729.0,58.045,30.9,8.696,5.355,15469.207,10.0,233.07,8.51,6.434,34.635,60.13,2.705,72.58,
OWID_WRL,,World,2020-05-31,6040545.0,127766.0,107420.0,368049.0,4012.0,3827.857,774.946,16.391,13.780999999999999,47.217,0.515,0.491,,,,,,,,,,,,,,,,,,,7794798729.0,58.045,30.9,8.696,5.355,15469.207,10.0,233.07,8.51,6.434,34.635,60.13,2.705,72.58,
OWID_WRL,,World,2020-06-01,6146170.0,105625.0,109330.429,370963.0,2914.0,4086.143,788.4960000000001,13.550999999999998,14.026,47.591,0.374,0.524,,,,,,,,,,,,,,,,,,,7794798729.0,58.045,30.9,8.696,5.355,15469.207,10.0,233.07,8.51,6.434,34.635,60.13,2.705,72.58,
OWID_WRL,,World,2020-06-02,6248942.0,102772.0,111019.14300000001,374108.0,3145.0,4054.2859999999996,801.681,13.185,14.243,47.995,0.40299999999999997,0.52,,,,,,,,,,,,,,,,,,,7794798729.0,58.045,30.9,8.696,5.355,15469.207,10.0,233.07,8.51,6.434,34.635,60.13,2.705,72.58,
OWID_WRL,,World,2020-06-03,6362153.0,113211.0,113672.14300000001,378652.0,4544.0,4150.429,816.205,14.524000000000001,14.583,48.578,0.583,0.532,,,,,,,,,,,,,,,,,,,7794798729.0,58.045,30.9,8.696,5.355,15469.207,10.0,233.07,8.51,6.434,34.635,60.13,2.705,72.58,
OWID_WRL,,World,2020-06-04,6488669.0,126516.0,116915.429,384168.0,5516.0,4203.857,832.436,16.230999999999998,14.999,49.285,0.708,0.539,,,,,,,,,,,,,,,,,,,7794798729.0,58.045,30.9,8.696,5.355,15469.207,10.0,233.07,8.51,6.434,34.635,60.13,2.705,72.58,
OWID_WRL,,World,2020-06-05,6616021.0,127352.0,118061.14300000001,389298.0,5130.0,4273.571,848.7739999999999,16.338,15.145999999999999,49.943000000000005,0.6579999999999999,0.5479999999999999,,,,,,,,,,,,,,,,,,,7794798729.0,58.045,30.9,8.696,5.355,15469.207,10.0,233.07,8.51,6.434,34.635,60.13,2.705,72.58,
OWID_WRL,,World,2020-06-06,6749878.0,133857.0,119585.571,393937.0,4639.0,4271.429,865.946,17.173,15.342,50.538000000000004,0.595,0.5479999999999999,,,,,,,,,,,,,,,,,,,7794798729.0,58.045,30.9,8.696,5.355,15469.207,10.0,233.07,8.51,6.434,34.635,60.13,2.705,72.58,
OWID_WRL,,World,2020-06-07,6875265.0,125387.0,119245.714,397724.0,3787.0,4239.286,882.0319999999999,16.086,15.298,51.023999999999994,0.486,0.544,,,,,,,,,,,,,,,,,,,7794798729.0,58.045,30.9,8.696,5.355,15469.207,10.0,233.07,8.51,6.434,34.635,60.13,2.705,72.58,
OWID_WRL,,World,2020-06-08,6988933.0,113668.0,120394.714,401235.0,3511.0,4324.571,896.615,14.583,15.446,51.475,0.45,0.555,,,,,,,,,,,,,,,,,,,7794798729.0,58.045,30.9,8.696,5.355,15469.207,10.0,233.07,8.51,6.434,34.635,60.13,2.705,72.58,
OWID_WRL,,World,2020-06-09,7097683.0,108750.0,121248.714,404449.0,3214.0,4334.429,910.567,13.952,15.555,51.887,0.41200000000000003,0.556,,,,,,,,,,,,,,,,,,,7794798729.0,58.045,30.9,8.696,5.355,15469.207,10.0,233.07,8.51,6.434,34.635,60.13,2.705,72.58,
OWID_WRL,,World,2020-06-10,7224455.0,126772.0,123186.0,409302.0,4853.0,4378.571,926.83,16.264,15.804,52.51,0.623,0.562,,,,,,,,,,,,,,,,,,,7794798729.0,58.045,30.9,8.696,5.355,15469.207,10.0,233.07,8.51,6.434,34.635,60.13,2.705,72.58,
OWID_WRL,,World,2020-06-11,7360116.0,135661.0,124492.429,414433.0,5131.0,4323.571,944.2339999999999,17.404,15.970999999999998,53.168,0.6579999999999999,0.555,,,,,,,,,,,,,,,,,,,7794798729.0,58.045,30.9,8.696,5.355,15469.207,10.0,233.07,8.51,6.434,34.635,60.13,2.705,72.58,
OWID_WRL,,World,2020-06-12,7496844.0,136728.0,125831.85699999999,419128.0,4695.0,4261.429,961.775,17.541,16.143,53.77,0.602,0.547,,,,,,,,,,,,,,,,,,,7794798729.0,58.045,30.9,8.696,5.355,15469.207,10.0,233.07,8.51,6.434,34.635,60.13,2.705,72.58,
OWID_WRL,,World,2020-06-13,7641834.0,144990.0,127422.286,423775.0,4647.0,4262.571,980.3760000000001,18.601,16.347,54.36600000000001,0.596,0.547,,,,,,,,,,,,,,,,,,,7794798729.0,58.045,30.9,8.696,5.355,15469.207,10.0,233.07,8.51,6.434,34.635,60.13,2.705,72.58,
OWID_WRL,,World,2020-06-14,7774803.0,132969.0,128505.429,427914.0,4139.0,4312.857,997.435,17.059,16.486,54.897,0.531,0.5529999999999999,,,,,,,,,,,,,,,,,,,7794798729.0,58.045,30.9,8.696,5.355,15469.207,10.0,233.07,8.51,6.434,34.635,60.13,2.705,72.58,
OWID_WRL,,World,2020-06-15,7894419.0,119616.0,129355.14300000001,431071.0,3157.0,4262.286,1012.78,15.345999999999998,16.595,55.302,0.405,0.547,,,,,,,,,,,,,,,,,,,7794798729.0,58.045,30.9,8.696,5.355,15469.207,10.0,233.07,8.51,6.434,34.635,60.13,2.705,72.58,
OWID_WRL,,World,2020-06-16,8016011.0,121592.0,131189.714,434448.0,3377.0,4285.571,1028.379,15.599,16.83,55.736000000000004,0.433,0.55,,,,,,,,,,,,,,,,,,,7794798729.0,58.045,30.9,8.696,5.355,15469.207,10.0,233.07,8.51,6.434,34.635,60.13,2.705,72.58,
OWID_WRL,,World,2020-06-17,8159262.0,143251.0,133543.857,441167.0,6719.0,4552.143,1046.757,18.378,17.132,56.598,0.862,0.584,,,,,,,,,,,,,,,,,,,7794798729.0,58.045,30.9,8.696,5.355,15469.207,10.0,233.07,8.51,6.434,34.635,60.13,2.705,72.58,
OWID_WRL,,World,2020-06-18,8337290.0,178028.0,139596.286,446266.0,5099.0,4547.571,1069.597,22.839000000000002,17.909000000000002,57.251999999999995,0.654,0.583,,,,,,,,,,,,,,,,,,,7794798729.0,58.045,30.9,8.696,5.355,15469.207,10.0,233.07,8.51,6.434,34.635,60.13,2.705,72.58,
OWID_WRL,,World,2020-06-19,8476100.0,138810.0,139893.714,452541.0,6275.0,4773.286,1087.405,17.808,17.947,58.056999999999995,0.805,0.612,,,,,,,,,,,,,,,,,,,7794798729.0,58.045,30.9,8.696,5.355,15469.207,10.0,233.07,8.51,6.434,34.635,60.13,2.705,72.58,
OWID_WRL,,World,2020-06-20,8657454.0,181354.0,145088.571,457573.0,5032.0,4828.286,1110.671,23.266,18.614,58.702,0.6459999999999999,0.619,,,,,,,,,,,,,,,,,,,7794798729.0,58.045,30.9,8.696,5.355,15469.207,10.0,233.07,8.51,6.434,34.635,60.13,2.705,72.58,
OWID_WRL,,World,2020-06-21,8816590.0,159136.0,148826.714,461689.0,4116.0,4825.0,1131.086,20.416,19.093,59.23,0.528,0.619,,,,,,,,,,,,,,,,,,,7794798729.0,58.045,30.9,8.696,5.355,15469.207,10.0,233.07,8.51,6.434,34.635,60.13,2.705,72.58,
OWID_WRL,,World,2020-06-22,8942876.0,126286.0,149779.571,465656.0,3967.0,4940.714,1147.288,16.201,19.215,59.739,0.509,0.634,,,,,,,,,,,,,,,,,,,7794798729.0,58.045,30.9,8.696,5.355,15469.207,10.0,233.07,8.51,6.434,34.635,60.13,2.705,72.58,
OWID_WRL,,World,2020-06-23,9079370.0,136494.0,151908.429,469051.0,3395.0,4943.286,1164.799,17.511,19.488,60.175,0.436,0.634,,,,,,,,,,,,,,,,,,,7794798729.0,58.045,30.9,8.696,5.355,15469.207,10.0,233.07,8.51,6.434,34.635,60.13,2.705,72.58,
OWID_WRL,,World,2020-06-24,9243547.0,164177.0,154897.857,474401.0,5350.0,4747.714,1185.861,21.061999999999998,19.872,60.861000000000004,0.6859999999999999,0.609,,,,,,,,,,,,,,,,,,,7794798729.0,58.045,30.9,8.696,5.355,15469.207,10.0,233.07,8.51,6.434,34.635,60.13,2.705,72.58,
OWID_WRL,,World,2020-06-25,9419368.0,175821.0,154582.571,479616.0,5215.0,4764.286,1208.417,22.555999999999997,19.832,61.53,0.669,0.611,,,,,,,,,,,,,,,,,,,7794798729.0,58.045,30.9,8.696,5.355,15469.207,10.0,233.07,8.51,6.434,34.635,60.13,2.705,72.58,
OWID_WRL,,World,2020-06-26,9598236.0,178868.0,160305.143,486193.0,6577.0,4807.429,1231.364,22.947,20.566,62.373999999999995,0.8440000000000001,0.617,,,,,,,,,,,,,,,,,,,7794798729.0,58.045,30.9,8.696,5.355,15469.207,10.0,233.07,8.51,6.434,34.635,60.13,2.705,72.58,
OWID_WRL,,World,2020-06-27,9787936.0,189700.0,161497.429,490753.0,4560.0,4740.0,1255.701,24.337,20.719,62.958999999999996,0.585,0.608,,,,,,,,,,,,,,,,,,,7794798729.0,58.045,30.9,8.696,5.355,15469.207,10.0,233.07,8.51,6.434,34.635,60.13,2.705,72.58,
OWID_WRL,,World,2020-06-28,9969183.0,181247.0,164656.143,495344.0,4591.0,4807.857,1278.953,23.252,21.124000000000002,63.548,0.589,0.617,,,,,,,,,,,,,,,,,,,7794798729.0,58.045,30.9,8.696,5.355,15469.207,10.0,233.07,8.51,6.434,34.635,60.13,2.705,72.58,
OWID_WRL,,World,2020-06-29,10128253.0,159070.0,169339.57100000003,498414.0,3070.0,4679.714,1299.36,20.407,21.725,63.942,0.39399999999999996,0.6,,,,,,,,,,,,,,,,,,,7794798729.0,58.045,30.9,8.696,5.355,15469.207,10.0,233.07,8.51,6.434,34.635,60.13,2.705,72.58,
OWID_WRL,,World,2020-06-30,10290068.0,161815.0,172956.857,502118.0,3704.0,4723.857,1320.12,20.759,22.189,64.417,0.475,0.606,,,,,,,,,,,,,,,,,,,7794798729.0,58.045,30.9,8.696,5.355,15469.207,10.0,233.07,8.51,6.434,34.635,60.13,2.705,72.58,
OWID_WRL,,World,2020-07-01,10483865.0,193797.0,177188.28600000002,507741.0,5623.0,4762.857,1344.9820000000002,24.862,22.732,65.138,0.721,0.611,,,,,,,,,,,,,,,,,,,7794798729.0,58.045,30.9,8.696,5.355,15469.207,10.0,233.07,8.51,6.434,34.635,60.13,2.705,72.58,
OWID_WRL,,World,2020-07-02,10686103.0,202238.0,180962.143,512580.0,4839.0,4709.143,1370.9270000000001,25.945,23.215999999999998,65.759,0.621,0.604,,,,,,,,,,,,,,,,,,,7794798729.0,58.045,30.9,8.696,5.355,15469.207,10.0,233.07,8.51,6.434,34.635,60.13,2.705,72.58,
OWID_WRL,,World,2020-07-03,10894987.0,208884.0,185250.143,517657.0,5077.0,4494.857,1397.725,26.798000000000002,23.766,66.411,0.6509999999999999,0.5770000000000001,,,,,,,,,,,,,,,,,,,7794798729.0,58.045,30.9,8.696,5.355,15469.207,10.0,233.07,8.51,6.434,34.635,60.13,2.705,72.58,
OWID_WRL,,World,2020-07-04,11100787.0,205800.0,187550.143,522669.0,5012.0,4559.429,1424.1270000000002,26.401999999999997,24.061,67.054,0.643,0.585,,,,,,,,,,,,,,,,,,,7794798729.0,58.045,30.9,8.696,5.355,15469.207,10.0,233.07,8.51,6.434,34.635,60.13,2.705,72.58,
OWID_WRL,,World,2020-07-05,11288560.0,187773.0,188482.42899999997,527008.0,4339.0,4523.429,1448.217,24.09,24.180999999999997,67.61,0.557,0.58,,,,,,,,,,,,,,,,,,,7794798729.0,58.045,30.9,8.696,5.355,15469.207,10.0,233.07,8.51,6.434,34.635,60.13,2.705,72.58,
OWID_WRL,,World,2020-07-06,11465109.0,176549.0,190979.42899999997,530386.0,3378.0,4567.429,1470.8670000000002,22.65,24.500999999999998,68.044,0.433,0.586,,,,,,,,,,,,,,,,,,,7794798729.0,58.045,30.9,8.696,5.355,15469.207,10.0,233.07,8.51,6.434,34.635,60.13,2.705,72.58,
OWID_WRL,,World,2020-07-07,11642271.0,177162.0,193171.857,534227.0,3841.0,4587.0,1493.595,22.728,24.781999999999996,68.536,0.493,0.588,,,,,,,,,,,,,,,,,,,7794798729.0,58.045,30.9,8.696,5.355,15469.207,10.0,233.07,8.51,6.434,34.635,60.13,2.705,72.58,
OWID_WRL,,World,2020-07-08,11850782.0,208511.0,195273.857,540223.0,5996.0,4640.286,1520.345,26.75,25.052,69.306,0.769,0.595,,,,,,,,,,,,,,,,,,,7794798729.0,58.045,30.9,8.696,5.355,15469.207,10.0,233.07,8.51,6.434,34.635,60.13,2.705,72.58,
OWID_WRL,,World,2020-07-09,12066694.0,215912.0,197227.28600000002,545500.0,5277.0,4702.857,1548.0439999999999,27.699,25.302,69.983,0.677,0.603,,,,,,,,,,,,,,,,,,,7794798729.0,58.045,30.9,8.696,5.355,15469.207,10.0,233.07,8.51,6.434,34.635,60.13,2.705,72.58,
OWID_WRL,,World,2020-07-10,12291655.0,224961.0,199524.0,550883.0,5383.0,4746.571,1576.905,28.86,25.596999999999998,70.673,0.691,0.609,,,,,,,,,,,,,,,,,,,7794798729.0,58.045,30.9,8.696,5.355,15469.207,10.0,233.07,8.51,6.434,34.635,60.13,2.705,72.58,
OWID_WRL,,World,2020-07-11,12523375.0,231720.0,203226.857,556160.0,5277.0,4784.429,1606.632,29.728,26.072,71.35,0.677,0.614,,,,,,,,,,,,,,,,,,,7794798729.0,58.045,30.9,8.696,5.355,15469.207,10.0,233.07,8.51,6.434,34.635,60.13,2.705,72.58,
OWID_WRL,,World,2020-07-12,12739094.0,215719.0,207219.143,560953.0,4793.0,4849.286,1634.307,27.675,26.584,71.965,0.615,0.622,,,,,,,,,,,,,,,,,,,7794798729.0,58.045,30.9,8.696,5.355,15469.207,10.0,233.07,8.51,6.434,34.635,60.13,2.705,72.58,
OWID_WRL,,World,2020-07-13,12933287.0,194193.0,209739.71399999998,564842.0,3889.0,4922.286,1659.22,24.913,26.908,72.464,0.499,0.631,,,,,,,,,,,,,,,,,,,7794798729.0,58.045,30.9,8.696,5.355,15469.207,10.0,233.07,8.51,6.434,34.635,60.13,2.705,72.58,
OWID_WRL,,World,2020-07-14,13125840.0,192553.0,211938.42899999997,568681.0,3839.0,4922.0,1683.9229999999998,24.703000000000003,27.19,72.956,0.493,0.631,,,,,,,,,,,,,,,,,,,7794798729.0,58.045,30.9,8.696,5.355,15469.207,10.0,233.07,8.51,6.434,34.635,60.13,2.705,72.58,
OWID_WRL,,World,2020-07-15,13350894.0,225054.0,214301.71399999998,574259.0,5578.0,4862.286,1712.795,28.872,27.493000000000002,73.672,0.716,0.624,,,,,,,,,,,,,,,,,,,7794798729.0,58.045,30.9,8.696,5.355,15469.207,10.0,233.07,8.51,6.434,34.635,60.13,2.705,72.58,
OWID_WRL,,World,2020-07-16,13585182.0,234288.0,216926.857,579760.0,5501.0,4894.286,1742.852,30.057,27.83,74.378,0.706,0.628,,,,,,,,,,,,,,,,,,,7794798729.0,58.045,30.9,8.696,5.355,15469.207,10.0,233.07,8.51,6.434,34.635,60.13,2.705,72.58,
OWID_WRL,,World,2020-07-17,13841333.0,256151.0,221382.57100000003,585504.0,5744.0,4945.857,1775.714,32.861999999999995,28.401,75.115,0.737,0.635,,,,,,,,,,,,,,,,,,,7794798729.0,58.045,30.9,8.696,5.355,15469.207,10.0,233.07,8.51,6.434,34.635,60.13,2.705,72.58,
OWID_WRL,,World,2020-07-18,14090160.0,248827.0,223826.42899999997,592737.0,7233.0,5225.286,1807.636,31.921999999999997,28.715,76.043,0.9279999999999999,0.67,,,,,,,,,,,,,,,,,,,7794798729.0,58.045,30.9,8.696,5.355,15469.207,10.0,233.07,8.51,6.434,34.635,60.13,2.705,72.58,
OWID_WRL,,World,2020-07-19,14317180.0,227020.0,225440.857,597715.0,4978.0,5251.714,1836.761,29.125,28.921999999999997,76.681,0.639,0.674,,,,,,,,,,,,,,,,,,,7794798729.0,58.045,30.9,8.696,5.355,15469.207,10.0,233.07,8.51,6.434,34.635,60.13,2.705,72.58,
OWID_WRL,,World,2020-07-20,14530808.0,213628.0,228217.28600000002,601650.0,3935.0,5258.286,1864.1670000000001,27.406,29.278000000000002,77.186,0.505,0.675,,,,,,,,,,,,,,,,,,,7794798729.0,58.045,30.9,8.696,5.355,15469.207,10.0,233.07,8.51,6.434,34.635,60.13,2.705,72.58,
OWID_WRL,,World,2020-07-21,14735444.0,204636.0,229943.42899999997,605742.0,4092.0,5294.429,1890.42,26.253,29.5,77.711,0.525,0.679,,,,,,,,,,,,,,,,,,,7794798729.0,58.045,30.9,8.696,5.355,15469.207,10.0,233.07,8.51,6.434,34.635,60.13,2.705,72.58,
OWID_WRL,,World,2020-07-22,14976980.0,241536.0,232298.0,611865.0,6123.0,5372.286,1921.4070000000002,30.987,29.802,78.497,0.7859999999999999,0.6890000000000001,,,,,,,,,,,,,,,,,,,7794798729.0,58.045,30.9,8.696,5.355,15469.207,10.0,233.07,8.51,6.434,34.635,60.13,2.705,72.58,
OWID_WRL,,World,2020-07-23,15260870.0,283890.0,239384.0,618742.0,6877.0,5568.857,1957.8270000000002,36.42,30.711,79.37899999999999,0.882,0.7140000000000001,,,,,,,,,,,,,,,,,,,7794798729.0,58.045,30.9,8.696,5.355,15469.207,10.0,233.07,8.51,6.434,34.635,60.13,2.705,72.58,
OWID_WRL,,World,2020-07-24,15536711.0,275841.0,242196.857,628521.0,9779.0,6145.286,1993.215,35.388000000000005,31.072,80.633,1.255,0.7879999999999999,,,,,,,,,,,,,,,,,,,7794798729.0,58.045,30.9,8.696,5.355,15469.207,10.0,233.07,8.51,6.434,34.635,60.13,2.705,72.58,
OWID_WRL,,World,2020-07-25,15820998.0,284287.0,247262.57100000003,634777.0,6256.0,6005.714,2029.6870000000001,36.471,31.721,81.436,0.8029999999999999,0.77,,,,,,,,,,,,,,,,,,,7794798729.0,58.045,30.9,8.696,5.355,15469.207,10.0,233.07,8.51,6.434,34.635,60.13,2.705,72.58,
OWID_WRL,,World,2020-07-26,16077988.0,256990.0,251544.0,640510.0,5733.0,6113.571,2062.656,32.969,32.271,82.171,0.735,0.784,,,,,,,,,,,,,,,,,,,7794798729.0,58.045,30.9,8.696,5.355,15469.207,10.0,233.07,8.51,6.434,34.635,60.13,2.705,72.58,
OWID_WRL,,World,2020-07-27,16307331.0,229343.0,253789.0,644473.0,3963.0,6117.571,2092.0789999999997,29.423000000000002,32.559,82.68,0.508,0.785,,,,,,,,,,,,,,,,,,,7794798729.0,58.045,30.9,8.696,5.355,15469.207,10.0,233.07,8.51,6.434,34.635,60.13,2.705,72.58,
OWID_WRL,,World,2020-07-28,16522678.0,215347.0,255319.143,649129.0,4656.0,6198.143,2119.706,27.627,32.755,83.277,0.597,0.795,,,,,,,,,,,,,,,,,,,7794798729.0,58.045,30.9,8.696,5.355,15469.207,10.0,233.07,8.51,6.434,34.635,60.13,2.705,72.58,
OWID_WRL,,World,2020-07-29,16767382.0,244704.0,255771.71399999998,655289.0,6160.0,6203.429,2151.099,31.393,32.813,84.06700000000001,0.79,0.7959999999999999,,,,,,,,,,,,,,,,,,,7794798729.0,58.045,30.9,8.696,5.355,15469.207,10.0,233.07,8.51,6.434,34.635,60.13,2.705,72.58,
OWID_WRL,,World,2020-07-30,17067358.0,299976.0,258069.71399999998,661930.0,6641.0,6169.714,2189.583,38.484,33.108000000000004,84.919,0.852,0.792,,,,,,,,,,,,,,,,,,,7794798729.0,58.045,30.9,8.696,5.355,15469.207,10.0,233.07,8.51,6.434,34.635,60.13,2.705,72.58,
OWID_WRL,,World,2020-07-31,17357583.0,290225.0,260124.57100000003,668313.0,6383.0,5684.571,2226.8160000000003,37.233000000000004,33.372,85.738,0.8190000000000001,0.7290000000000001,,,,,,,,,,,,,,,,,,,7794798729.0,58.045,30.9,8.696,5.355,15469.207,10.0,233.07,8.51,6.434,34.635,60.13,2.705,72.58,
OWID_WRL,,World,2020-08-01,17634847.0,277264.0,259121.28600000002,674435.0,6122.0,5665.429,2262.386,35.57,33.243,86.524,0.785,0.727,,,,,,,,,,,,,,,,,,,7794798729.0,58.045,30.9,8.696,5.355,15469.207,10.0,233.07,8.51,6.434,34.635,60.13,2.705,72.58,
OWID_WRL,,World,2020-08-02,17896869.0,262022.0,259840.143,680193.0,5758.0,5669.0,2296.001,33.615,33.335,87.262,0.7390000000000001,0.727,,,,,,,,,,,,,,,,,,,7794798729.0,58.045,30.9,8.696,5.355,15469.207,10.0,233.07,8.51,6.434,34.635,60.13,2.705,72.58,
OWID_WRL,,World,2020-08-03,18117782.0,220913.0,258635.857,684426.0,4233.0,5707.571,2324.343,28.340999999999998,33.181,87.805,0.5429999999999999,0.732,,,,,,,,,,,,,,,,,,,7794798729.0,58.045,30.9,8.696,5.355,15469.207,10.0,233.07,8.51,6.434,34.635,60.13,2.705,72.58,
OWID_WRL,,World,2020-08-04,18325102.0,207320.0,257489.143,688652.0,4226.0,5646.143,2350.94,26.596999999999998,33.033,88.348,0.542,0.7240000000000001,,,,,,,,,,,,,,,,,,,7794798729.0,58.045,30.9,8.696,5.355,15469.207,10.0,233.07,8.51,6.434,34.635,60.13,2.705,72.58,
OWID_WRL,,World,2020-08-05,18581913.0,256811.0,259218.71399999998,695383.0,6731.0,5727.714,2383.886,32.946,33.255,89.211,0.8640000000000001,0.735,,,,,,,,,,,,,,,,,,,7794798729.0,58.045,30.9,8.696,5.355,15469.207,10.0,233.07,8.51,6.434,34.635,60.13,2.705,72.58,
OWID_WRL,,World,2020-08-06,18859756.0,277843.0,256056.857,702481.0,7098.0,5793.0,2419.531,35.645,32.85,90.12200000000001,0.9109999999999999,0.743,,,,,,,,,,,,,,,,,,,7794798729.0,58.045,30.9,8.696,5.355,15469.207,10.0,233.07,8.51,6.434,34.635,60.13,2.705,72.58,
OWID_WRL,,World,2020-08-07,19145691.0,285935.0,255444.0,709376.0,6895.0,5866.143,2456.214,36.683,32.771,91.006,0.885,0.753,,,,,,,,,,,,,,,,,,,7794798729.0,58.045,30.9,8.696,5.355,15469.207,10.0,233.07,8.51,6.434,34.635,60.13,2.705,72.58,
OWID_WRL,,World,2020-08-08,19421543.0,275852.0,255242.28600000002,715843.0,6467.0,5915.429,2491.603,35.389,32.745,91.836,0.83,0.759,,,,,,,,,,,,,,,,,,,7794798729.0,58.045,30.9,8.696,5.355,15469.207,10.0,233.07,8.51,6.434,34.635,60.13,2.705,72.58,
OWID_WRL,,World,2020-08-09,19687233.0,265690.0,255766.28600000002,721478.0,5635.0,5897.857,2525.688,34.086,32.812,92.559,0.723,0.757,,,,,,,,,,,,,,,,,,,7794798729.0,58.045,30.9,8.696,5.355,15469.207,10.0,233.07,8.51,6.434,34.635,60.13,2.705,72.58,
OWID_WRL,,World,2020-08-10,19914767.0,227534.0,256712.143,726302.0,4824.0,5982.286,2554.879,29.19,32.934,93.178,0.619,0.767,,,,,,,,,,,,,,,,,,,7794798729.0,58.045,30.9,8.696,5.355,15469.207,10.0,233.07,8.51,6.434,34.635,60.13,2.705,72.58,
OWID_WRL,,World,2020-08-11,20135948.0,221181.0,258692.28600000002,731119.0,4817.0,6066.714,2583.254,28.375,33.188,93.796,0.618,0.778,,,,,,,,,,,,,,,,,,,7794798729.0,58.045,30.9,8.696,5.355,15469.207,10.0,233.07,8.51,6.434,34.635,60.13,2.705,72.58,
OWID_WRL,,World,2020-08-12,20397556.0,261608.0,259377.57100000003,737256.0,6137.0,5981.857,2616.8160000000003,33.562,33.275999999999996,94.583,0.787,0.767,,,,,,,,,,,,,,,,,,,7794798729.0,58.045,30.9,8.696,5.355,15469.207,10.0,233.07,8.51,6.434,34.635,60.13,2.705,72.58,
OWID_WRL,,World,2020-08-13,20687275.0,289719.0,261074.143,744156.0,6900.0,5953.571,2653.9840000000004,37.168,33.493,95.46799999999999,0.885,0.764,,,,,,,,,,,,,,,,,,,7794798729.0,58.045,30.9,8.696,5.355,15469.207,10.0,233.07,8.51,6.434,34.635,60.13,2.705,72.58,
OWID_WRL,,World,2020-08-14,20972820.0,285545.0,261018.42899999997,754065.0,9909.0,6384.143,2690.617,36.633,33.486,96.74,1.271,0.8190000000000001,,,,,,,,,,,,,,,,,,,7794798729.0,58.045,30.9,8.696,5.355,15469.207,10.0,233.07,8.51,6.434,34.635,60.13,2.705,72.58,
OWID_WRL,,World,2020-08-15,21262245.0,289425.0,262957.429,760305.0,6240.0,6351.714,2727.748,37.131,33.735,97.54,0.8009999999999999,0.815,,,,,,,,,,,,,,,,,,,7794798729.0,58.045,30.9,8.696,5.355,15469.207,10.0,233.07,8.51,6.434,34.635,60.13,2.705,72.58,
OWID_WRL,,World,2020-08-16,21518584.0,256339.0,261621.57100000003,765962.0,5657.0,6354.857,2760.634,32.885999999999996,33.564,98.266,0.726,0.815,,,,,,,,,,,,,,,,,,,7794798729.0,58.045,30.9,8.696,5.355,15469.207,10.0,233.07,8.51,6.434,34.635,60.13,2.705,72.58,
OWID_WRL,,World,2020-08-17,21748840.0,230256.0,262010.42899999997,770195.0,4233.0,6270.429,2790.173,29.54,33.613,98.809,0.5429999999999999,0.804,,,,,,,,,,,,,,,,,,,7794798729.0,58.045,30.9,8.696,5.355,15469.207,10.0,233.07,8.51,6.434,34.635,60.13,2.705,72.58,
OWID_WRL,,World,2020-08-18,21948483.0,199643.0,258933.57100000003,774492.0,4297.0,6196.143,2815.7859999999996,25.612,33.219,99.36,0.551,0.795,,,,,,,,,,,,,,,,,,,7794798729.0,58.045,30.9,8.696,5.355,15469.207,10.0,233.07,8.51,6.434,34.635,60.13,2.705,72.58,
OWID_WRL,,World,2020-08-19,22206548.0,258065.0,258427.42899999997,781188.0,6696.0,6276.0,2848.893,33.107,33.154,100.219,0.8590000000000001,0.805,,,,,,,,,,,,,,,,,,,7794798729.0,58.045,30.9,8.696,5.355,15469.207,10.0,233.07,8.51,6.434,34.635,60.13,2.705,72.58,
OWID_WRL,,World,2020-08-20,22487206.0,280658.0,257133.0,787700.0,6512.0,6220.571,2884.8990000000003,36.006,32.988,101.055,0.835,0.7979999999999999,,,,,,,,,,,,,,,,,,,7794798729.0,58.045,30.9,8.696,5.355,15469.207,10.0,233.07,8.51,6.434,34.635,60.13,2.705,72.58,
OWID_WRL,,World,2020-08-21,22761659.0,274453.0,255548.42899999997,794053.0,6353.0,5712.571,2920.1090000000004,35.21,32.784,101.87,0.815,0.733,,,,,,,,,,,,,,,,,,,7794798729.0,58.045,30.9,8.696,5.355,15469.207,10.0,233.07,8.51,6.434,34.635,60.13,2.705,72.58,
OWID_WRL,,World,2020-08-22,23015980.0,254321.0,250533.57100000003,799922.0,5869.0,5659.571,2952.736,32.626999999999995,32.141,102.62299999999999,0.753,0.726,,,,,,,,,,,,,,,,,,,7794798729.0,58.045,30.9,8.696,5.355,15469.207,10.0,233.07,8.51,6.434,34.635,60.13,2.705,72.58,
OWID_WRL,,World,2020-08-23,23279291.0,263311.0,251529.57100000003,805565.0,5643.0,5657.571,2986.5159999999996,33.78,32.269,103.346,0.7240000000000001,0.726,,,,,,,,,,,,,,,,,,,7794798729.0,58.045,30.9,8.696,5.355,15469.207,10.0,233.07,8.51,6.434,34.635,60.13,2.705,72.58,
OWID_WRL,,World,2020-08-24,23503512.0,224221.0,250667.42899999997,808905.0,3340.0,5530.0,3015.281,28.765,32.158,103.775,0.428,0.7090000000000001,,,,,,,,,,,,,,,,,,,7794798729.0,58.045,30.9,8.696,5.355,15469.207,10.0,233.07,8.51,6.434,34.635,60.13,2.705,72.58,
OWID_WRL,,World,2020-08-25,23716693.0,213181.0,252601.42899999997,813152.0,4247.0,5522.857,3042.631,27.349,32.406,104.32,0.545,0.7090000000000001,,,,,,,,,,,,,,,,,,,7794798729.0,58.045,30.9,8.696,5.355,15469.207,10.0,233.07,8.51,6.434,34.635,60.13,2.705,72.58,
OWID_WRL,,World,2020-08-26,23973252.0,256559.0,252386.28600000002,819629.0,6477.0,5491.571,3075.545,32.914,32.379,105.15100000000001,0.831,0.705,,,,,,,,,,,,,,,,,,,7794798729.0,58.045,30.9,8.696,5.355,15469.207,10.0,233.07,8.51,6.434,34.635,60.13,2.705,72.58,
OWID_WRL,,World,2020-08-27,24251514.0,278262.0,252044.0,825923.0,6294.0,5460.429,3111.243,35.698,32.335,105.958,0.807,0.701,,,,,,,,,,,,,,,,,,,7794798729.0,58.045,30.9,8.696,5.355,15469.207,10.0,233.07,8.51,6.434,34.635,60.13,2.705,72.58,
OWID_WRL,,World,2020-08-28,24535146.0,283632.0,253355.28600000002,832005.0,6082.0,5421.714,3147.63,36.387,32.503,106.738,0.78,0.696,,,,,,,,,,,,,,,,,,,7794798729.0,58.045,30.9,8.696,5.355,15469.207,10.0,233.07,8.51,6.434,34.635,60.13,2.705,72.58,
OWID_WRL,,World,2020-08-29,24812127.0,276981.0,256592.42899999997,837462.0,5457.0,5362.857,3183.165,35.534,32.918,107.439,0.7,0.688,,,,,,,,,,,,,,,,,,,7794798729.0,58.045,30.9,8.696,5.355,15469.207,10.0,233.07,8.51,6.434,34.635,60.13,2.705,72.58,
OWID_WRL,,World,2020-08-30,25078181.0,266054.0,256984.28600000002,843159.0,5697.0,5370.571,3217.297,34.132,32.969,108.169,0.731,0.6890000000000001,,,,,,,,,,,,,,,,,,,7794798729.0,58.045,30.9,8.696,5.355,15469.207,10.0,233.07,8.51,6.434,34.635,60.13,2.705,72.58,
OWID_WRL,,World,2020-08-31,25321400.0,243219.0,259698.28600000002,846932.0,3773.0,5432.429,3248.5,31.203000000000003,33.317,108.65299999999999,0.484,0.6970000000000001,,,,,,,,,,,,,,,,,,,7794798729.0,58.045,30.9,8.696,5.355,15469.207,10.0,233.07,8.51,6.434,34.635,60.13,2.705,72.58,
OWID_WRL,,World,2020-09-01,25566916.0,245516.0,264317.571,850985.0,4053.0,5404.714,3279.9970000000003,31.497,33.909,109.17299999999999,0.52,0.693,,,,,,,,,,,,,,,,,,,7794798729.0,58.045,30.9,8.696,5.355,15469.207,10.0,233.07,8.51,6.434,34.635,60.13,2.705,72.58,
OWID_WRL,,World,2020-09-02,25835921.0,269005.0,266095.571,857497.0,6512.0,5409.714,3314.508,34.510999999999996,34.138000000000005,110.009,0.835,0.6940000000000001,,,,,,,,,,,,,,,,,,,7794798729.0,58.045,30.9,8.696,5.355,15469.207,10.0,233.07,8.51,6.434,34.635,60.13,2.705,72.58,
OWID_WRL,,World,2020-09-03,26120897.0,284976.0,267054.714,863575.0,6078.0,5378.857,3351.0679999999998,36.56,34.260999999999996,110.789,0.78,0.69,,,,,,,,,,,,,,,,,,,7794798729.0,58.045,30.9,8.696,5.355,15469.207,10.0,233.07,8.51,6.434,34.635,60.13,2.705,72.58,
OWID_WRL,,World,2020-09-04,26400962.0,280065.0,266545.143,869367.0,5792.0,5337.429,3386.9970000000003,35.93,34.195,111.53200000000001,0.743,0.685,,,,,,,,,,,,,,,,,,,7794798729.0,58.045,30.9,8.696,5.355,15469.207,10.0,233.07,8.51,6.434,34.635,60.13,2.705,72.58,
OWID_WRL,,World,2020-09-05,26695869.0,294907.0,269106.0,874992.0,5625.0,5361.429,3424.8309999999997,37.834,34.524,112.25299999999999,0.722,0.688,,,,,,,,,,,,,,,,,,,7794798729.0,58.045,30.9,8.696,5.355,15469.207,10.0,233.07,8.51,6.434,34.635,60.13,2.705,72.58,
OWID_WRL,,World,2020-09-06,26969310.0,273441.0,270161.286,880317.0,5325.0,5308.286,3459.9109999999996,35.08,34.659,112.936,0.6829999999999999,0.6809999999999999,,,,,,,,,,,,,,,,,,,7794798729.0,58.045,30.9,8.696,5.355,15469.207,10.0,233.07,8.51,6.434,34.635,60.13,2.705,72.58,
OWID_WRL,,World,2020-09-07,27215339.0,246029.0,270562.714,889350.0,9033.0,6059.714,3491.474,31.563000000000002,34.711,114.095,1.159,0.777,,,,,,,,,,,,,,,,,,,7794798729.0,58.045,30.9,8.696,5.355,15469.207,10.0,233.07,8.51,6.434,34.635,60.13,2.705,72.58,
OWID_WRL,,World,2020-09-08,27424356.0,209017.0,265348.571,893170.0,3820.0,6026.429,3518.289,26.815,34.042,114.585,0.49,0.773,,,,,,,,,,,,,,,,,,,7794798729.0,58.045,30.9,8.696,5.355,15469.207,10.0,233.07,8.51,6.434,34.635,60.13,2.705,72.58,
OWID_WRL,,World,2020-09-09,27670052.0,245696.0,262018.71399999998,898134.0,4964.0,5805.286,3549.81,31.521,33.615,115.22200000000001,0.637,0.745,,,,,,,,,,,,,,,,,,,7794798729.0,58.045,30.9,8.696,5.355,15469.207,10.0,233.07,8.51,6.434,34.635,60.13,2.705,72.58,
OWID_WRL,,World,2020-09-10,27959236.0,289184.0,262619.857,904227.0,6093.0,5807.429,3586.909,37.1,33.692,116.00399999999999,0.782,0.745,,,,,,,,,,,,,,,,,,,7794798729.0,58.045,30.9,8.696,5.355,15469.207,10.0,233.07,8.51,6.434,34.635,60.13,2.705,72.58,
OWID_WRL,,World,2020-09-11,28264927.0,305691.0,266280.714,910119.0,5892.0,5821.714,3626.127,39.217,34.161,116.76,0.7559999999999999,0.747,,,,,,,,,,,,,,,,,,,7794798729.0,58.045,30.9,8.696,5.355,15469.207,10.0,233.07,8.51,6.434,34.635,60.13,2.705,72.58,
OWID_WRL,,World,2020-09-12,28569623.0,304696.0,267679.143,916004.0,5885.0,5858.857,3665.216,39.09,34.341,117.515,0.755,0.752,,,,,,,,,,,,,,,,,,,7794798729.0,58.045,30.9,8.696,5.355,15469.207,10.0,233.07,8.51,6.434,34.635,60.13,2.705,72.58,
OWID_WRL,,World,2020-09-13,28853759.0,284136.0,269207.0,920931.0,4927.0,5802.0,3701.6679999999997,36.452,34.537,118.147,0.632,0.7440000000000001,,,,,,,,,,,,,,,,,,,7794798729.0,58.045,30.9,8.696,5.355,15469.207,10.0,233.07,8.51,6.434,34.635,60.13,2.705,72.58,
OWID_WRL,,World,2020-09-14,29123702.0,269943.0,272623.286,924811.0,3880.0,5065.857,3736.2990000000004,34.631,34.975,118.645,0.498,0.65,,,,,,,,,,,,,,,,,,,7794798729.0,58.045,30.9,8.696,5.355,15469.207,10.0,233.07,8.51,6.434,34.635,60.13,2.705,72.58,
OWID_WRL,,World,2020-09-15,29369224.0,245522.0,277838.286,929047.0,4236.0,5125.286,3767.798,31.498,35.644,119.18799999999999,0.5429999999999999,0.6579999999999999,,,,,,,,,,,,,,,,,,,7794798729.0,58.045,30.9,8.696,5.355,15469.207,10.0,233.07,8.51,6.434,34.635,60.13,2.705,72.58,
OWID_WRL,,World,2020-09-16,29672747.0,303523.0,286099.286,936003.0,6956.0,5409.857,3806.737,38.939,36.704,120.08,0.892,0.6940000000000001,,,,,,,,,,,,,,,,,,,7794798729.0,58.045,30.9,8.696,5.355,15469.207,10.0,233.07,8.51,6.434,34.635,60.13,2.705,72.58,
OWID_WRL,,World,2020-09-17,29962464.0,289717.0,286175.429,941440.0,5437.0,5316.143,3843.905,37.168,36.714,120.77799999999999,0.698,0.682,,,,,,,,,,,,,,,,,,,7794798729.0,58.045,30.9,8.696,5.355,15469.207,10.0,233.07,8.51,6.434,34.635,60.13,2.705,72.58,
OWID_WRL,,World,2020-09-18,30280651.0,318187.0,287960.571,946759.0,5319.0,5234.286,3884.725,40.82,36.943000000000005,121.46,0.682,0.672,,,,,,,,,,,,,,,,,,,7794798729.0,58.045,30.9,8.696,5.355,15469.207,10.0,233.07,8.51,6.434,34.635,60.13,2.705,72.58,
OWID_WRL,,World,2020-09-19,30592619.0,311968.0,288999.429,952712.0,5953.0,5244.0,3924.748,40.023,37.076,122.22399999999999,0.764,0.6729999999999999,,,,,,,,,,,,,,,,,,,7794798729.0,58.045,30.9,8.696,5.355,15469.207,10.0,233.07,8.51,6.434,34.635,60.13,2.705,72.58,
OWID_WRL,,World,2020-09-20,30886124.0,293505.0,290337.857,957785.0,5073.0,5264.857,3962.402,37.654,37.248000000000005,122.875,0.6509999999999999,0.675,,,,,,,,,,,,,,,,,,,7794798729.0,58.045,30.9,8.696,5.355,15469.207,10.0,233.07,8.51,6.434,34.635,60.13,2.705,72.58,
OWID_WRL,,World,2020-09-21,31170453.0,284329.0,292393.0,961530.0,3745.0,5245.571,3998.8779999999997,36.477,37.510999999999996,123.355,0.48,0.6729999999999999,,,,,,,,,,,,,,,,,,,7794798729.0,58.045,30.9,8.696,5.355,15469.207,10.0,233.07,8.51,6.434,34.635,60.13,2.705,72.58,
OWID_WRL,,World,2020-09-22,31439392.0,268939.0,295738.286,965925.0,4395.0,5268.286,4033.381,34.501999999999995,37.94,123.919,0.564,0.6759999999999999,,,,,,,,,,,,,,,,,,,7794798729.0,58.045,30.9,8.696,5.355,15469.207,10.0,233.07,8.51,6.434,34.635,60.13,2.705,72.58,
OWID_WRL,,World,2020-09-23,31722102.0,282710.0,292765.0,971990.0,6065.0,5141.0,4069.65,36.269,37.559,124.697,0.778,0.66,,,,,,,,,,,,,,,,,,,7794798729.0,58.045,30.9,8.696,5.355,15469.207,10.0,233.07,8.51,6.434,34.635,60.13,2.705,72.58,
OWID_WRL,,World,2020-09-24,32033583.0,311481.0,295874.143,978355.0,6365.0,5273.571,4109.61,39.96,37.958,125.514,0.8170000000000001,0.677,,,,,,,,,,,,,,,,,,,7794798729.0,58.045,30.9,8.696,5.355,15469.207,10.0,233.07,8.51,6.434,34.635,60.13,2.705,72.58,
OWID_WRL,,World,2020-09-25,32354472.0,320889.0,296260.143,984138.0,5783.0,5339.857,4150.777,41.167,38.007,126.256,0.742,0.685,,,,,,,,,,,,,,,,,,,7794798729.0,58.045,30.9,8.696,5.355,15469.207,10.0,233.07,8.51,6.434,34.635,60.13,2.705,72.58,
OWID_WRL,,World,2020-09-26,32666073.0,311601.0,296207.714,989715.0,5577.0,5286.143,4190.753,39.976,38.001,126.971,0.715,0.6779999999999999,,,,,,,,,,,,,,,,,,,7794798729.0,58.045,30.9,8.696,5.355,15469.207,10.0,233.07,8.51,6.434,34.635,60.13,2.705,72.58,
OWID_WRL,,World,2020-09-27,32965340.0,299267.0,297030.857,995136.0,5421.0,5335.857,4229.146,38.393,38.106,127.667,0.695,0.685,,,,,,,,,,,,,,,,,,,7794798729.0,58.045,30.9,8.696,5.355,15469.207,10.0,233.07,8.51,6.434,34.635,60.13,2.705,72.58,
OWID_WRL,,World,2020-09-28,33245197.0,279857.0,296392.0,998959.0,3823.0,5347.0,4265.049,35.903,38.024,128.157,0.49,0.6859999999999999,,,,,,,,,,,,,,,,,,,7794798729.0,58.045,30.9,8.696,5.355,15469.207,10.0,233.07,8.51,6.434,34.635,60.13,2.705,72.58,
OWID_WRL,,World,2020-09-29,33483709.0,238512.0,292045.286,1002883.0,3924.0,5279.714,4295.648,30.599,37.467,128.661,0.503,0.677,,,,,,,,,,,,,,,,,,,7794798729.0,58.045,30.9,8.696,5.355,15469.207,10.0,233.07,8.51,6.434,34.635,60.13,2.705,72.58,
OWID_WRL,,World,2020-09-30,33777649.0,293940.0,293649.571,1009103.0,6220.0,5301.857,4333.357,37.71,37.673,129.459,0.7979999999999999,0.68,,,,,,,,,,,,,,,,,,,7794798729.0,58.045,30.9,8.696,5.355,15469.207,10.0,233.07,8.51,6.434,34.635,60.13,2.705,72.58,
OWID_WRL,,World,2020-10-01,34093660.0,316011.0,294296.714,1015211.0,6108.0,5265.143,4373.899,40.541,37.756,130.24200000000002,0.784,0.675,,,,,,,,,,,,,,,,,,,7794798729.0,58.045,30.9,8.696,5.355,15469.207,10.0,233.07,8.51,6.434,34.635,60.13,2.705,72.58,
OWID_WRL,,World,2020-10-02,34416833.0,323173.0,294623.0,1023983.0,8772.0,5692.143,4415.359,41.46,37.797,131.36700000000002,1.125,0.73,,,,,,,,,,,,,,,,,,,7794798729.0,58.045,30.9,8.696,5.355,15469.207,10.0,233.07,8.51,6.434,34.635,60.13,2.705,72.58,
OWID_WRL,,World,2020-10-03,34735623.0,318790.0,295650.0,1029518.0,5535.0,5686.143,4456.2570000000005,40.898,37.929,132.078,0.71,0.7290000000000001,,,,,,,,,,,,,,,,,,,7794798729.0,58.045,30.9,8.696,5.355,15469.207,10.0,233.07,8.51,6.434,34.635,60.13,2.705,72.58,
OWID_WRL,,World,2020-10-04,35037535.0,301912.0,296027.857,1034241.0,4723.0,5586.429,4494.9890000000005,38.732,37.978,132.683,0.606,0.7170000000000001,,,,,,,,,,,,,,,,,,,7794798729.0,58.045,30.9,8.696,5.355,15469.207,10.0,233.07,8.51,6.434,34.635,60.13,2.705,72.58,
OWID_WRL,,World,2020-10-05,35318554.0,281019.0,296193.857,1038207.0,3966.0,5606.857,4531.041,36.052,37.999,133.192,0.509,0.7190000000000001,,,,,,,,,,,,,,,,,,,7794798729.0,58.045,30.9,8.696,5.355,15469.207,10.0,233.07,8.51,6.434,34.635,60.13,2.705,72.58,
OWID_WRL,,World,2020-10-06,35588970.0,270416.0,300751.571,1042660.0,4453.0,5682.429,4565.733,34.692,38.584,133.764,0.5710000000000001,0.7290000000000001,,,,,,,,,,,,,,,,,,,7794798729.0,58.045,30.9,8.696,5.355,15469.207,10.0,233.07,8.51,6.434,34.635,60.13,2.705,72.58,
OWID_WRL,,World,2020-10-07,35915726.0,326756.0,305439.571,1048278.0,5618.0,5596.429,4607.653,41.92,39.185,134.484,0.721,0.718,,,,,,,,,,,,,,,,,,,7794798729.0,58.045,30.9,8.696,5.355,15469.207,10.0,233.07,8.51,6.434,34.635,60.13,2.705,72.58,
OWID_WRL,,World,2020-10-08,36269356.0,353630.0,310813.714,1054130.0,5852.0,5559.857,4653.02,45.367,39.875,135.235,0.7509999999999999,0.713,,,,,,,,,,,,,,,,,,,7794798729.0,58.045,30.9,8.696,5.355,15469.207,10.0,233.07,8.51,6.434,34.635,60.13,2.705,72.58,
OWID_WRL,,World,2020-10-09,36632400.0,363044.0,316509.571,1063249.0,9119.0,5609.429,4699.595,46.575,40.605,136.405,1.17,0.72,,,,,,,,,,,,,,,,,,,7794798729.0,58.045,30.9,8.696,5.355,15469.207,10.0,233.07,8.51,6.434,34.635,60.13,2.705,72.58,
OWID_WRL,,World,2020-10-10,36981630.0,349230.0,320858.143,1068991.0,5742.0,5639.0,4744.398,44.803000000000004,41.163000000000004,137.142,0.737,0.723,,,,,,,,,,,,,,,,,,,7794798729.0,58.045,30.9,8.696,5.355,15469.207,10.0,233.07,8.51,6.434,34.635,60.13,2.705,72.58,
OWID_WRL,,World,2020-10-11,37331060.0,349430.0,327646.429,1073858.0,4867.0,5659.571,4789.227,44.82899999999999,42.034,137.766,0.624,0.726,,,,,,,,,,,,,,,,,,,7794798729.0,58.045,30.9,8.696,5.355,15469.207,10.0,233.07,8.51,6.434,34.635,60.13,2.705,72.58,
OWID_WRL,,World,2020-10-12,37635144.0,304084.0,330941.429,1077828.0,3970.0,5660.143,4828.238,39.010999999999996,42.457,138.275,0.509,0.726,,,,,,,,,,,,,,,,,,,7794798729.0,58.045,30.9,8.696,5.355,15469.207,10.0,233.07,8.51,6.434,34.635,60.13,2.705,72.58,
OWID_WRL,,World,2020-10-13,37920184.0,285040.0,333030.571,1081768.0,3940.0,5586.857,4864.806,36.568000000000005,42.725,138.781,0.505,0.7170000000000001,,,,,,,,,,,,,,,,,,,7794798729.0,58.045,30.9,8.696,5.355,15469.207,10.0,233.07,8.51,6.434,34.635,60.13,2.705,72.58,
OWID_WRL,,World,2020-10-14,38250891.0,330707.0,333595.0,1087300.0,5532.0,5574.571,4907.233,42.427,42.797,139.49,0.71,0.715,,,,,,,,,,,,,,,,,,,7794798729.0,58.045,30.9,8.696,5.355,15469.207,10.0,233.07,8.51,6.434,34.635,60.13,2.705,72.58,
OWID_WRL,,World,2020-10-15,38639282.0,388391.0,338560.857,1093338.0,6038.0,5601.143,4957.06,49.827,43.434,140.265,0.775,0.7190000000000001,,,,,,,,,,,,,,,,,,,7794798729.0,58.045,30.9,8.696,5.355,15469.207,10.0,233.07,8.51,6.434,34.635,60.13,2.705,72.58,
OWID_WRL,,World,2020-10-16,39041878.0,402596.0,344211.143,1099450.0,6112.0,5171.571,5008.709,51.648999999999994,44.159,141.049,0.784,0.6629999999999999,,,,,,,,,,,,,,,,,,,7794798729.0,58.045,30.9,8.696,5.355,15469.207,10.0,233.07,8.51,6.434,34.635,60.13,2.705,72.58,
OWID_WRL,,World,2020-10-17,39439236.0,397358.0,351086.571,1105396.0,5946.0,5200.714,5059.686,50.977,45.041000000000004,141.812,0.763,0.667,,,,,,,,,,,,,,,,,,,7794798729.0,58.045,30.9,8.696,5.355,15469.207,10.0,233.07,8.51,6.434,34.635,60.13,2.705,72.58,
OWID_WRL,,World,2020-10-18,39809576.0,370340.0,354073.714,1110939.0,5543.0,5297.286,5107.197,47.511,45.424,142.523,0.711,0.68,,,,,,,,,,,,,,,,,,,7794798729.0,58.045,30.9,8.696,5.355,15469.207,10.0,233.07,8.51,6.434,34.635,60.13,2.705,72.58,
OWID_WRL,,World,2020-10-19,40171477.0,361901.0,362333.286,1114893.0,3954.0,5295.0,5153.626,46.428999999999995,46.483999999999995,143.03,0.507,0.679,,,,,,,,,,,,,,,,,,,7794798729.0,58.045,30.9,8.696,5.355,15469.207,10.0,233.07,8.51,6.434,34.635,60.13,2.705,72.58,
OWID_WRL,,World,2020-10-20,40520496.0,349019.0,371473.143,1119565.0,4672.0,5399.571,5198.402,44.776,47.657,143.63,0.599,0.693,,,,,,,,,,,,,,,,,,,7794798729.0,58.045,30.9,8.696,5.355,15469.207,10.0,233.07,8.51,6.434,34.635,60.13,2.705,72.58,
OWID_WRL,,World,2020-10-21,40915458.0,394962.0,380652.429,1125979.0,6414.0,5525.571,5249.071999999999,50.67,48.833999999999996,144.453,0.823,0.7090000000000001,,,,,,,,,,,,,,,,,,,7794798729.0,58.045,30.9,8.696,5.355,15469.207,10.0,233.07,8.51,6.434,34.635,60.13,2.705,72.58,
OWID_WRL,,World,2020-10-22,41367741.0,452283.0,389779.857,1132728.0,6749.0,5627.143,5307.095,58.023999999999994,50.005,145.31799999999998,0.866,0.722,,,,,,,,,,,,,,,,,,,7794798729.0,58.045,30.9,8.696,5.355,15469.207,10.0,233.07,8.51,6.434,34.635,60.13,2.705,72.58,
OWID_WRL,,World,2020-10-23,41840235.0,472494.0,399765.286,1139098.0,6370.0,5664.0,5367.7119999999995,60.617,51.286,146.136,0.8170000000000001,0.727,,,,,,,,,,,,,,,,,,,7794798729.0,58.045,30.9,8.696,5.355,15469.207,10.0,233.07,8.51,6.434,34.635,60.13,2.705,72.58,
OWID_WRL,,World,2020-10-24,42329013.0,488778.0,412825.286,1145436.0,6338.0,5720.0,5430.418000000001,62.706,52.961999999999996,146.94899999999998,0.813,0.7340000000000001,,,,,,,,,,,,,,,,,,,7794798729.0,58.045,30.9,8.696,5.355,15469.207,10.0,233.07,8.51,6.434,34.635,60.13,2.705,72.58,
OWID_WRL,,World,2020-10-25,42788613.0,459600.0,425576.714,1151234.0,5798.0,5756.429,5489.38,58.961999999999996,54.598,147.69299999999998,0.7440000000000001,0.738,,,,,,,,,,,,,,,,,,,7794798729.0,58.045,30.9,8.696,5.355,15469.207,10.0,233.07,8.51,6.434,34.635,60.13,2.705,72.58,
OWID_WRL,,World,2020-10-26,43227583.0,438970.0,436586.571,1155680.0,4446.0,5826.714,5545.696,56.316,56.01,148.263,0.57,0.748,,,,,,,,,,,,,,,,,,,7794798729.0,58.045,30.9,8.696,5.355,15469.207,10.0,233.07,8.51,6.434,34.635,60.13,2.705,72.58,
OWID_WRL,,World,2020-10-27,43643461.0,415878.0,446137.857,1161152.0,5472.0,5941.0,5599.049,53.353,57.235,148.965,0.7020000000000001,0.762,,,,,,,,,,,,,,,,,,,7794798729.0,58.045,30.9,8.696,5.355,15469.207,10.0,233.07,8.51,6.434,34.635,60.13,2.705,72.58,
OWID_WRL,,World,2020-10-28,44122838.0,479377.0,458197.143,1168492.0,7340.0,6073.286,5660.549,61.5,58.782,149.907,0.9420000000000001,0.779,,,,,,,,,,,,,,,,,,,7794798729.0,58.045,30.9,8.696,5.355,15469.207,10.0,233.07,8.51,6.434,34.635,60.13,2.705,72.58,
OWID_WRL,,World,2020-10-29,44636257.0,513419.0,466930.857,1175640.0,7148.0,6130.286,5726.416,65.867,59.903,150.82399999999998,0.917,0.7859999999999999,,,,,,,,,,,,,,,,,,,7794798729.0,58.045,30.9,8.696,5.355,15469.207,10.0,233.07,8.51,6.434,34.635,60.13,2.705,72.58,
OWID_WRL,,World,2020-10-30,45184376.0,548119.0,477734.429,1182827.0,7187.0,6247.0,5796.734,70.319,61.288999999999994,151.746,0.922,0.8009999999999999,,,,,,,,,,,,,,,,,,,7794798729.0,58.045,30.9,8.696,5.355,15469.207,10.0,233.07,8.51,6.434,34.635,60.13,2.705,72.58,
OWID_WRL,,World,2020-10-31,45726501.0,542125.0,485355.429,1190147.0,7320.0,6387.286,5866.284000000001,69.55,62.266999999999996,152.685,0.9390000000000001,0.8190000000000001,,,,,,,,,,,,,,,,,,,7794798729.0,58.045,30.9,8.696,5.355,15469.207,10.0,233.07,8.51,6.434,34.635,60.13,2.705,72.58,
OWID_WRL,,World,2020-11-01,46184459.0,457958.0,485120.857,1196566.0,6419.0,6476.0,5925.035,58.751999999999995,62.236000000000004,153.50799999999998,0.823,0.831,,,,,,,,,,,,,,,,,,,7794798729.0,58.045,30.9,8.696,5.355,15469.207,10.0,233.07,8.51,6.434,34.635,60.13,2.705,72.58,
OWID_WRL,,World,2020-11-02,46671612.0,487153.0,492004.143,1201893.0,5327.0,6601.857,5987.533,62.497,63.12,154.192,0.6829999999999999,0.847,,,,,,,,,,,,,,,,,,,7794798729.0,58.045,30.9,8.696,5.355,15469.207,10.0,233.07,8.51,6.434,34.635,60.13,2.705,72.58,
OWID_WRL,,World,2020-11-03,47142206.0,470594.0,499820.714,1207998.0,6105.0,6692.286,6047.905,60.373000000000005,64.122,154.975,0.7829999999999999,0.8590000000000001,,,,,,,,,,,,,,,,,,,7794798729.0,58.045,30.9,8.696,5.355,15469.207,10.0,233.07,8.51,6.434,34.635,60.13,2.705,72.58,
OWID_WRL,,World,2020-11-04,47647162.0,504956.0,503474.857,1217842.0,9844.0,7050.0,6112.687,64.781,64.59100000000001,156.238,1.263,0.904,,,,,,,,,,,,,,,,,,,7794798729.0,58.045,30.9,8.696,5.355,15469.207,10.0,233.07,8.51,6.434,34.635,60.13,2.705,72.58,
OWID_WRL,,World,2020-11-05,48216893.0,569731.0,511519.429,1226904.0,9062.0,7323.429,6185.778,73.09100000000001,65.623,157.4,1.163,0.94,,,,,,,,,,,,,,,,,,,7794798729.0,58.045,30.9,8.696,5.355,15469.207,10.0,233.07,8.51,6.434,34.635,60.13,2.705,72.58,
OWID_WRL,,World,2020-11-06,48807022.0,590129.0,517520.857,1235040.0,8136.0,7459.0,6261.486,75.708,66.393,158.444,1.044,0.9570000000000001,,,,,,,,,,,,,,,,,,,7794798729.0,58.045,30.9,8.696,5.355,15469.207,10.0,233.07,8.51,6.434,34.635,60.13,2.705,72.58,
OWID_WRL,,World,2020-11-07,49391534.0,584512.0,523576.143,1243399.0,8359.0,7607.429,6336.473000000001,74.987,67.17,159.516,1.072,0.976,,,,,,,,,,,,,,,,,,,7794798729.0,58.045,30.9,8.696,5.355,15469.207,10.0,233.07,8.51,6.434,34.635,60.13,2.705,72.58,
OWID_WRL,,World,2020-11-08,49964987.0,573453.0,540075.429,1250607.0,7208.0,7720.143,6410.0419999999995,73.569,69.28699999999999,160.441,0.925,0.99,,,,,,,,,,,,,,,,,,,7794798729.0,58.045,30.9,8.696,5.355,15469.207,10.0,233.07,8.51,6.434,34.635,60.13,2.705,72.58,
OWID_WRL,,World,2020-11-09,50483176.0,518189.0,544509.1429999999,1256739.0,6132.0,7835.143,6476.521,66.479,69.855,161.22799999999998,0.787,1.005,,,,,,,,,,,,,,,,,,,7794798729.0,58.045,30.9,8.696,5.355,15469.207,10.0,233.07,8.51,6.434,34.635,60.13,2.705,72.58,
OWID_WRL,,World,2020-11-10,51036867.0,553691.0,556380.1429999999,1264906.0,8167.0,8129.714,6547.554,71.033,71.378,162.276,1.048,1.043,,,,,,,,,,,,,,,,,,,7794798729.0,58.045,30.9,8.696,5.355,15469.207,10.0,233.07,8.51,6.434,34.635,60.13,2.705,72.58,
OWID_WRL,,World,2020-11-11,51584350.0,547483.0,562455.429,1274858.0,9952.0,8145.143,6617.791,70.237,72.158,163.55200000000002,1.2770000000000001,1.045,,,,,,,,,,,,,,,,,,,7794798729.0,58.045,30.9,8.696,5.355,15469.207,10.0,233.07,8.51,6.434,34.635,60.13,2.705,72.58,
OWID_WRL,,World,2020-11-12,52143259.0,558909.0,560909.429,1284610.0,9752.0,8243.714,6689.494000000001,71.703,71.959,164.803,1.251,1.058,,,,,,,,,,,,,,,,,,,7794798729.0,58.045,30.9,8.696,5.355,15469.207,10.0,233.07,8.51,6.434,34.635,60.13,2.705,72.58,
